Protocollo;Gruppo;DataOraIncidente;Localizzazione1;STRADA1;Localizzazione2;STRADA2;Strada02;Chilometrica;DaSpecificare;NaturaIncidente;particolaritastrade;TipoStrada;FondoStradale;Pavimentazione;Segnaletica;CondizioneAtmosferica;Traffico;Visibilita;Illuminazione;NUM_FERITI;NUM_RISERVATA;NUM_MORTI;NUM_ILLESI;Longitudine;Latitudine;Confermato;Progressivo;TipoVeicolo;StatoVeicolo;TipoPersona;Sesso;Tipolesione;Deceduto;DecedutoDopo;CinturaCascoUtilizzato;Airbag
3286842;15;02/05/2017 13:55;Strada Urbana;VIA DELLA MAGLIANA;all'intersezione semaforizzata con;VIA PIAN DUE TORRI;VIA PIAN DUE TORRI;;;Scontro laterale fra veicoli in marcia;Intersezione semaforizzata;Una carreggiata a doppio senso;Asciutto;Asfaltata;Verticale ed orizzontale;Sereno;Intenso;Buona;Ore Diurne;0;0;0;3;12,4243;41,83404;-1;2;Rimorchio;In marcia / fermata / arresto;Conducente;M;Illeso;0;;Utilizzato;
3286842;15;02/05/2017 13:55;Strada Urbana;VIA DELLA MAGLIANA;all'intersezione semaforizzata con;VIA PIAN DUE TORRI;VIA PIAN DUE TORRI;;;Scontro laterale fra veicoli in marcia;Intersezione semaforizzata;Una carreggiata a doppio senso;Asciutto;Asfaltata;Verticale ed orizzontale;Sereno;Intenso;Buona;Ore Diurne;0;0;0;3;12,4243;41,83404;-1;3;Autovettura privata;In marcia / fermata / arresto;Conducente;F;Illeso;0;;Utilizzato;
3286843;8;02/05/2017 10:30;Statale entro l'abitato;VIA CASILINA;in prossimità;;del civico n.;1864;;Scontro frontale/laterale DX fra veicoli in marcia;Rettilineo;Una carreggiata a doppio senso;Asciutto;Asfaltata;Verticale ed orizzontale;Sereno;Normale;Buona;Ore Diurne;1;0;0;1;12,68745;41,86272;-1;1;Motociclo a solo;In marcia / fermata / arresto;Conducente;M;Rifiuta cure immediate;0;NON DECEDUTO;Non accertato;
3286843;8;02/05/2017 10:30;Statale entro l'abitato;VIA CASILINA;in prossimità;;del civico n.;1864;;Scontro frontale/laterale DX fra veicoli in marcia;Rettilineo;Una carreggiata a doppio senso;Asciutto;Asfaltata;Verticale ed orizzontale;Sereno;Normale;Buona;Ore Diurne;1;0;0;1;12,68745;41,86272;-1;2;Autovettura privata;In marcia / fermata / arresto;Conducente;M;Illeso;0;;Non accertato;Inesploso
3286853;8;02/05/2017 23:00;Strada Urbana;VIALE FRANCESCO CALTAGIRONE;da specificare;;;;altezza via GUIDO FIORINI;Veicolo in marcia contro ostacolo accidentale;Rettilineo;Due carreggiate;Asciutto;Asfaltata;Verticale ed orizzontale;Sereno;Scarso;Buona;Sufficiente;0;0;0;1;12,65592;41,90844;-1;1;Autovettura privata;In marcia / fermata / arresto;Conducente;M;Illeso;0;;Non accertato;Inesploso
3286854;8;02/05/2017 13:45;Strada Urbana;VIA DEL FOSSO DI S. MAURA;all'intersezione con;VIA SILICELLA;VIA SILICELLA;;;Veicolo in marcia contro ostacolo accidentale;Rotatoria;Una carreggiata a senso unico di marcia;Asciutto;Con buche;Verticale;Sereno;Normale;Buona;Ore Diurne;1;0;0;0;12,59722;41,85699;-1;1;Motociclo a solo;In marcia / fermata / arresto;Conducente;M;Rimandato;0;NON DECEDUTO;Non accertato;
3286857;13;02/05/2017 08:40;Strada Urbana;VIA AGOSTINO CHIGI;da specificare;;;;pross. via G. Micali;Veicolo in marcia contro ostacolo accidentale;Rettilineo;Una carreggiata a doppio senso;Asciutto;Con buche;Assente;Sereno;Normale;Buona;Ore Diurne;0;0;0;1;12,31418;41,76354;-1;1;Autovettura privata;In marcia / fermata / arresto;Conducente;F;Illeso;0;;Non accertato;Inesploso
3286859;5;02/05/2017 15:50;Strada Urbana;VIA LUIGI CESANA;all'intersezione con;VIA DEI CRISPOLTI;VIA DEI CRISPOLTI;;;Scontro frontale/laterale SX fra veicoli in marcia;Incrocio;Una carreggiata a senso unico di marcia;Asciutto;Asfaltata;Verticale ed orizzontale;Sereno;Normale;Buona;Ore Diurne;0;0;0;2;12,55242;41,91047;-1;1;Autovettura privata;In marcia / fermata / arresto;Conducente;F;Illeso;0;;Non accertato;Inesploso
3286859;5;02/05/2017 15:50;Strada Urbana;VIA LUIGI CESANA;all'intersezione con;VIA DEI CRISPOLTI;VIA DEI CRISPOLTI;;;Scontro frontale/laterale SX fra veicoli in marcia;Incrocio;Una carreggiata a senso unico di marcia;Asciutto;Asfaltata;Verticale ed orizzontale;Sereno;Normale;Buona;Ore Diurne;0;0;0;2;12,55242;41,91047;-1;2;Autovettura privata;In marcia / fermata / arresto;Conducente;F;Illeso;0;;Non accertato;Inesploso
3286863;8;02/05/2017 12:30;Strada Urbana;VIA DEL FOSSO DELL'OSA;all'intersezione con;VIA CARPINONE;VIA CARPINONE;;;Scontro frontale fra veicoli in marcia;Incrocio;Una carreggiata a doppio senso;Asciutto;Asfaltata;Verticale ed orizzontale;Sereno;Normale;Buona;Ore Diurne;2;0;0;0;12,68433;41,90546;-1;1;Autovettura privata;In marcia / fermata / arresto;Conducente;M;Ricoverato;0;NON DECEDUTO;;
3286863;8;02/05/2017 12:30;Strada Urbana;VIA DEL FOSSO DELL'OSA;all'intersezione con;VIA CARPINONE;VIA CARPINONE;;;Scontro frontale fra veicoli in marcia;Incrocio;Una carreggiata a doppio senso;Asciutto;Asfaltata;Verticale ed orizzontale;Sereno;Normale;Buona;Ore Diurne;2;0;0;0;12,68433;41,90546;-1;2;Autovettura privata;In marcia / fermata / arresto;Conducente;M;Ricoverato;0;NON DECEDUTO;;
3286869;16;01/05/2017 14:30;Strada Urbana;VIA ETTORE ROLLI;in corrispondenza;;del civico n.;30;;Veicolo in marcia contro ostacolo fisso;Rettilineo;Una carreggiata a doppio senso;Asciutto;Asfaltata;Verticale ed orizzontale;Sereno;Normale;Buona;Ore Diurne;0;0;0;5;12,46732;41,87415;-1;1;Autovettura privata;In marcia / fermata / arresto;Conducente;F;Illeso;0;;Non accertato;Inesploso
3286869;16;01/05/2017 14:30;Strada Urbana;VIA ETTORE ROLLI;in corrispondenza;;del civico n.;30;;Veicolo in marcia contro ostacolo fisso;Rettilineo;Una carreggiata a doppio senso;Asciutto;Asfaltata;Verticale ed orizzontale;Sereno;Normale;Buona;Ore Diurne;0;0;0;5;12,46732;41,87415;-1;1;Autovettura privata;In marcia / fermata / arresto;Passeggero;F;Illeso;0;;Non accertato;Inesploso
3286869;16;01/05/2017 14:30;Strada Urbana;VIA ETTORE ROLLI;in corrispondenza;;del civico n.;30;;Veicolo in marcia contro ostacolo fisso;Rettilineo;Una carreggiata a doppio senso;Asciutto;Asfaltata;Verticale ed orizzontale;Sereno;Normale;Buona;Ore Diurne;0;0;0;5;12,46732;41,87415;-1;1;Autovettura privata;In marcia / fermata / arresto;Passeggero;M;Illeso;0;;Non accertato;Inesploso
3286869;16;01/05/2017 14:30;Strada Urbana;VIA ETTORE ROLLI;in corrispondenza;;del civico n.;30;;Veicolo in marcia contro ostacolo fisso;Rettilineo;Una carreggiata a doppio senso;Asciutto;Asfaltata;Verticale ed orizzontale;Sereno;Normale;Buona;Ore Diurne;0;0;0;5;12,46732;41,87415;-1;1;Autovettura privata;In marcia / fermata / arresto;Passeggero;M;Illeso;0;;Non accertato;Inesploso
3286869;16;01/05/2017 14:30;Strada Urbana;VIA ETTORE ROLLI;in corrispondenza;;del civico n.;30;;Veicolo in marcia contro ostacolo fisso;Rettilineo;Una carreggiata a doppio senso;Asciutto;Asfaltata;Verticale ed orizzontale;Sereno;Normale;Buona;Ore Diurne;0;0;0;5;12,46732;41,87415;-1;1;Autovettura privata;In marcia / fermata / arresto;Passeggero;M;Illeso;0;;Non accertato;Inesploso
3286870;8;02/05/2017 08:45;Statale entro l'abitato;VIA CASILINA;in prossimità;;del civico n.;1873b;;Scontro frontale/laterale SX fra veicoli in marcia;Rettilineo;Una carreggiata a doppio senso;Asciutto;Asfaltata;Verticale ed orizzontale;Sereno;Normale;Buona;Ore Diurne;0;0;0;2;12,68871;41,863;-1;1;Motociclo a solo;In marcia / fermata / arresto;Conducente;M;Illeso;0;;Non accertato;
3286870;8;02/05/2017 08:45;Statale entro l'abitato;VIA CASILINA;in prossimità;;del civico n.;1873b;;Scontro frontale/laterale SX fra veicoli in marcia;Rettilineo;Una carreggiata a doppio senso;Asciutto;Asfaltata;Verticale ed orizzontale;Sereno;Normale;Buona;Ore Diurne;0;0;0;2;12,68871;41,863;-1;2;Autovettura privata;In marcia / fermata / arresto;Conducente;M;Illeso;0;;Non accertato;Inesploso
3286872;8;02/05/2017 20:30;Strada Urbana;VIALE MARIO PASTORE;da specificare;;;;700 m  prima del bivio uscita GRA;Veicolo in marcia contro ostacolo accidentale;Rettilineo;Una carreggiata a senso unico di marcia;Asciutto;Asfaltata;Verticale ed orizzontale;Sereno;Scarso;Sufficiente;Inesistente;0;0;0;1;12,60719;41,85034;-1;1;Autovettura privata;In marcia / fermata / arresto;Conducente;M;Illeso;0;;Non accertato;Inesploso
3286873;8;02/05/2017 18:00;Provinciale entro l'abitato;VIA PRENESTINA;in prossimità;;del civico n.;1651;;Scontro frontale/laterale SX fra veicoli in marcia;Rettilineo;Una carreggiata a doppio senso;Asciutto;Asfaltata;Verticale ed orizzontale;Sereno;Normale;Buona;Ore Diurne;0;0;0;3;12,68113;41,89068;-1;1;Autovettura privata;In marcia / fermata / arresto;Conducente;M;Illeso;0;;Non accertato;Inesploso
3286873;8;02/05/2017 18:00;Provinciale entro l'abitato;VIA PRENESTINA;in prossimità;;del civico n.;1651;;Scontro frontale/laterale SX fra veicoli in marcia;Rettilineo;Una carreggiata a doppio senso;Asciutto;Asfaltata;Verticale ed orizzontale;Sereno;Normale;Buona;Ore Diurne;0;0;0;3;12,68113;41,89068;-1;1;Autovettura privata;In marcia / fermata / arresto;Passeggero;M;Illeso;0;;Non accertato;Inesploso
3286873;8;02/05/2017 18:00;Provinciale entro l'abitato;VIA PRENESTINA;in prossimità;;del civico n.;1651;;Scontro frontale/laterale SX fra veicoli in marcia;Rettilineo;Una carreggiata a doppio senso;Asciutto;Asfaltata;Verticale ed orizzontale;Sereno;Normale;Buona;Ore Diurne;0;0;0;3;12,68113;41,89068;-1;2;Autoarticolato;In marcia / fermata / arresto;Conducente;M;Illeso;0;;Non accertato;Inesploso
3286884;5;02/05/2017 16:10;Strada Urbana;VIA DI PORTONACCIO;all'intersezione con;LARGO GIOVANNI PITTALUGA;LARGO GIOVANNI PITTALUGA;;;Scontro frontale/laterale DX fra veicoli in marcia;Incrocio;Due carreggiate;Asciutto;Asfaltata;Verticale ed orizzontale;Sereno;Normale;Buona;Ore Diurne;0;0;0;2;12,53747;41,89949;-1;1;Autovettura privata;In marcia / fermata / arresto;Conducente;F;Illeso;0;;Non accertato;Inesploso
3286884;5;02/05/2017 16:10;Strada Urbana;VIA DI PORTONACCIO;all'intersezione con;LARGO GIOVANNI PITTALUGA;LARGO GIOVANNI PITTALUGA;;;Scontro frontale/laterale DX fra veicoli in marcia;Incrocio;Due carreggiate;Asciutto;Asfaltata;Verticale ed orizzontale;Sereno;Normale;Buona;Ore Diurne;0;0;0;2;12,53747;41,89949;-1;2;Autovettura privata;In marcia / fermata / arresto;Conducente;M;Illeso;0;;Non accertato;Inesploso
3286886;8;02/05/2017 09:10;Strada Urbana;VIA DI PASSOLOMBARDO;all'intersezione con;VIA MARIO PASTORE;VIA MARIO PASTORE;;;Scontro laterale fra veicoli in marcia;Incrocio;Due carreggiate;Asciutto;Asfaltata;Verticale ed orizzontale;Sereno;Normale;Buona;Ore Diurne;0;0;0;3;12,63021;41,84314;-1;1;Autovettura privata;In marcia / fermata / arresto;Passeggero;F;Illeso;0;;Non accertato;Inesploso
3286886;8;02/05/2017 09:10;Strada Urbana;VIA DI PASSOLOMBARDO;all'intersezione con;VIA MARIO PASTORE;VIA MARIO PASTORE;;;Scontro laterale fra veicoli in marcia;Incrocio;Due carreggiate;Asciutto;Asfaltata;Verticale ed orizzontale;Sereno;Normale;Buona;Ore Diurne;0;0;0;3;12,63021;41,84314;-1;1;Autovettura privata;In marcia / fermata / arresto;Conducente;M;Illeso;0;;Non accertato;Inesploso
3286886;8;02/05/2017 09:10;Strada Urbana;VIA DI PASSOLOMBARDO;all'intersezione con;VIA MARIO PASTORE;VIA MARIO PASTORE;;;Scontro laterale fra veicoli in marcia;Incrocio;Due carreggiate;Asciutto;Asfaltata;Verticale ed orizzontale;Sereno;Normale;Buona;Ore Diurne;0;0;0;3;12,63021;41,84314;-1;2;Autovettura privata;In marcia / fermata / arresto;Conducente;F;Illeso;0;;Non accertato;Inesploso
3286887;16;01/05/2017 13:50;Strada Urbana;VIA DEL CASALETTO;da specificare;;;;all'altezza P.zza Sacro Cuore;Veicolo in marcia contro veicolo in sosta;Rettilineo;Una carreggiata a doppio senso;Asciutto;Asfaltata;Verticale ed orizzontale;Sereno;Normale;Buona;Ore Diurne;0;0;0;1;12,43802;41,8666;-1;2;Autovettura privata;In marcia / fermata / arresto;Conducente;M;Illeso;0;;Non accertato;Inesploso
3286888;13;02/05/2017 11:50;Strada Urbana;VIA EURIPIDE;all'intersezione con;VIA SAFFO;VIA SAFFO;;;Tamponamento Multiplo;Incrocio;Una carreggiata a doppio senso;Asciutto;Asfaltata;Verticale ed orizzontale;Sereno;Normale;Buona;Ore Diurne;0;0;0;3;12,3659;41,76705;-1;1;Autovettura privata;In marcia / fermata / arresto;Conducente;F;Illeso;0;;Non accertato;Inesploso
3286888;13;02/05/2017 11:50;Strada Urbana;VIA EURIPIDE;all'intersezione con;VIA SAFFO;VIA SAFFO;;;Tamponamento Multiplo;Incrocio;Una carreggiata a doppio senso;Asciutto;Asfaltata;Verticale ed orizzontale;Sereno;Normale;Buona;Ore Diurne;0;0;0;3;12,3659;41,76705;-1;2;Autovettura privata;In marcia / fermata / arresto;Conducente;M;Illeso;0;;Non accertato;Inesploso
3286888;13;02/05/2017 11:50;Strada Urbana;VIA EURIPIDE;all'intersezione con;VIA SAFFO;VIA SAFFO;;;Tamponamento Multiplo;Incrocio;Una carreggiata a doppio senso;Asciutto;Asfaltata;Verticale ed orizzontale;Sereno;Normale;Buona;Ore Diurne;0;0;0;3;12,3659;41,76705;-1;3;Autovettura privata;In marcia / fermata / arresto;Conducente;M;Illeso;0;;Non accertato;Inesploso
3286891;8;02/05/2017 09:45;Strada Urbana;VIALE OXFORD;in prossimità;;del civico n.;81;;Scontro frontale/laterale DX fra veicoli in marcia;Rettilineo;Una carreggiata a senso unico di marcia;Asciutto;Asfaltata;Verticale ed orizzontale;Sereno;Normale;Buona;Ore Diurne;0;0;0;2;12,6299;41,85846;-1;1;Autovettura privata;In marcia / fermata / arresto;Conducente;F;Illeso;0;;Non accertato;Inesploso
3286891;8;02/05/2017 09:45;Strada Urbana;VIALE OXFORD;in prossimità;;del civico n.;81;;Scontro frontale/laterale DX fra veicoli in marcia;Rettilineo;Una carreggiata a senso unico di marcia;Asciutto;Asfaltata;Verticale ed orizzontale;Sereno;Normale;Buona;Ore Diurne;0;0;0;2;12,6299;41,85846;-1;2;Autovettura privata;In marcia / fermata / arresto;Conducente;M;Illeso;0;;Non accertato;Inesploso
3286892;5;02/05/2017 17:00;Strada Urbana;VIA TIBURTINA;in prossimità;;del civico n.;900;;Scontro laterale fra veicoli in marcia;Rettilineo;Due carreggiate;Asciutto;Asfaltata;Verticale ed orizzontale;Sereno;Normale;Buona;Ore Diurne;0;0;0;2;12,57024;41,92436;-1;1;Autovettura privata;In marcia / fermata / arresto;Conducente;M;Illeso;0;;Non accertato;Inesploso
3286892;5;02/05/2017 17:00;Strada Urbana;VIA TIBURTINA;in prossimità;;del civico n.;900;;Scontro laterale fra veicoli in marcia;Rettilineo;Due carreggiate;Asciutto;Asfaltata;Verticale ed orizzontale;Sereno;Normale;Buona;Ore Diurne;0;0;0;2;12,57024;41,92436;-1;2;Autocarro inferiore 35 q.;In marcia / fermata / arresto;Conducente;M;Illeso;0;;Non accertato;Inesploso
3286894;8;02/05/2017 18:50;Strada Urbana;VIA DEL FONTANILE DI CARCARICOLA;da specificare;;;;ALTEZZA ACCESSO FACOLTA' SCIENZE MATEMATICHE;Scontro frontale/laterale DX fra veicoli in marcia;Curva a visuale libera;Una carreggiata a doppio senso;Asciutto;Asfaltata;Orizzontale;Sereno;Normale;Buona;Ore Diurne;0;0;0;3;12,60777;41,85248;-1;1;Autovettura privata;In marcia / fermata / arresto;Conducente;F;Illeso;0;;Non accertato;Inesploso
3286894;8;02/05/2017 18:50;Strada Urbana;VIA DEL FONTANILE DI CARCARICOLA;da specificare;;;;ALTEZZA ACCESSO FACOLTA' SCIENZE MATEMATICHE;Scontro frontale/laterale DX fra veicoli in marcia;Curva a visuale libera;Una carreggiata a doppio senso;Asciutto;Asfaltata;Orizzontale;Sereno;Normale;Buona;Ore Diurne;0;0;0;3;12,60777;41,85248;-1;2;Autovettura privata;In marcia / fermata / arresto;Conducente;M;Illeso;0;;Non accertato;Inesploso
3286894;8;02/05/2017 18:50;Strada Urbana;VIA DEL FONTANILE DI CARCARICOLA;da specificare;;;;ALTEZZA ACCESSO FACOLTA' SCIENZE MATEMATICHE;Scontro frontale/laterale DX fra veicoli in marcia;Curva a visuale libera;Una carreggiata a doppio senso;Asciutto;Asfaltata;Orizzontale;Sereno;Normale;Buona;Ore Diurne;0;0;0;3;12,60777;41,85248;-1;2;Autovettura privata;In marcia / fermata / arresto;Passeggero;F;Illeso;0;;Non accertato;Inesploso
3286895;7;02/05/2017 23:20;Strada Urbana;VIALE DEI ROMANISTI;in corrispondenza;;del civico n.;123;;Veicolo in marcia contro ostacolo accidentale;Rettilineo;Due carreggiate;Asciutto;Con buche;Verticale ed orizzontale;Sereno;Scarso;Buona;Sufficiente;0;0;0;1;12,57721;41,86755;-1;1;Autovettura privata;In marcia / fermata / arresto;Conducente;M;Illeso;0;;Non accertato;Inesploso
3286910;7;02/05/2017 20:40;Strada Urbana;VIA FRANCESCO BONAFEDE;all'intersezione con;VIALE DELLA BELLA VILLA;VIALE DELLA BELLA VILLA;;;Investimento di pedone;Rotatoria;Una carreggiata a senso unico di marcia;Asciutto;Asfaltata;Verticale ed orizzontale;Sereno;Normale;Sufficiente;Sufficiente;2;0;0;2;12,58216;41,87537;-1;;;;Pedone;F;Illeso;0;;;
3286910;7;02/05/2017 20:40;Strada Urbana;VIA FRANCESCO BONAFEDE;all'intersezione con;VIALE DELLA BELLA VILLA;VIALE DELLA BELLA VILLA;;;Investimento di pedone;Rotatoria;Una carreggiata a senso unico di marcia;Asciutto;Asfaltata;Verticale ed orizzontale;Sereno;Normale;Sufficiente;Sufficiente;2;0;0;2;12,58216;41,87537;-1;;;;Pedone;F;Rimandato;0;NON DECEDUTO;;
3286910;7;02/05/2017 20:40;Strada Urbana;VIA FRANCESCO BONAFEDE;all'intersezione con;VIALE DELLA BELLA VILLA;VIALE DELLA BELLA VILLA;;;Investimento di pedone;Rotatoria;Una carreggiata a senso unico di marcia;Asciutto;Asfaltata;Verticale ed orizzontale;Sereno;Normale;Sufficiente;Sufficiente;2;0;0;2;12,58216;41,87537;-1;;;;Pedone;F;Rimandato;0;NON DECEDUTO;;
3286910;7;02/05/2017 20:40;Strada Urbana;VIA FRANCESCO BONAFEDE;all'intersezione con;VIALE DELLA BELLA VILLA;VIALE DELLA BELLA VILLA;;;Investimento di pedone;Rotatoria;Una carreggiata a senso unico di marcia;Asciutto;Asfaltata;Verticale ed orizzontale;Sereno;Normale;Sufficiente;Sufficiente;2;0;0;2;12,58216;41,87537;-1;1;Autovettura privata;In marcia / fermata / arresto;Conducente;M;Illeso;0;;Non accertato;Inesploso
3286912;11;02/05/2017 19:00;Strada Urbana;VIALE ALDO BALLARIN;in corrispondenza;;del civico n.;146;;Veicolo in marcia contro veicolo fermo;Rettilineo;Una carreggiata a doppio senso;Asciutto;Asfaltata;Orizzontale;Sereno;Scarso;Buona;Ore Diurne;0;0;0;3;12,4979;41,83475;-1;1;Autovettura privata;In marcia / fermata / arresto;Conducente;F;Illeso;0;;;
3286912;11;02/05/2017 19:00;Strada Urbana;VIALE ALDO BALLARIN;in corrispondenza;;del civico n.;146;;Veicolo in marcia contro veicolo fermo;Rettilineo;Una carreggiata a doppio senso;Asciutto;Asfaltata;Orizzontale;Sereno;Scarso;Buona;Ore Diurne;0;0;0;3;12,4979;41,83475;-1;2;Autovettura privata;In marcia / fermata / arresto;Conducente;M;Illeso;0;;;
3286912;11;02/05/2017 19:00;Strada Urbana;VIALE ALDO BALLARIN;in corrispondenza;;del civico n.;146;;Veicolo in marcia contro veicolo fermo;Rettilineo;Una carreggiata a doppio senso;Asciutto;Asfaltata;Orizzontale;Sereno;Scarso;Buona;Ore Diurne;0;0;0;3;12,4979;41,83475;-1;2;Autovettura privata;In marcia / fermata / arresto;Passeggero;F;Illeso;0;;;
3286934;11;02/05/2017 07:55;Strada Urbana;VIALE GIUSTINIANO IMPERATORE;da specificare;;;;altezza fermata metro s paolo;Investimento di pedone;Rettilineo;Due carreggiate;Asciutto;Asfaltata;Verticale ed orizzontale;Sereno;Normale;Buona;Ore Diurne;2;0;0;0;12,47808;41,85666;-1;;;;Pedone;F;Rimandato;0;NON DECEDUTO;;
3286934;11;02/05/2017 07:55;Strada Urbana;VIALE GIUSTINIANO IMPERATORE;da specificare;;;;altezza fermata metro s paolo;Investimento di pedone;Rettilineo;Due carreggiate;Asciutto;Asfaltata;Verticale ed orizzontale;Sereno;Normale;Buona;Ore Diurne;2;0;0;0;12,47808;41,85666;-1;1;Motociclo a solo;In marcia / fermata / arresto;Conducente;M;Rimandato;0;NON DECEDUTO;Non accertato;
3286939;11;02/05/2017 10:00;Strada Urbana;VIALE GUGLIELMO MARCONI;in corrispondenza;;del civico n.;644;;Scontro frontale/laterale SX fra veicoli in marcia;Rettilineo;Più di due carreggiate;Asciutto;Asfaltata;Verticale ed orizzontale;Sereno;Normale;Buona;Ore Diurne;0;0;0;3;12,47371;41,85104;-1;1;Autovettura privata;In marcia / fermata / arresto;Conducente;M;Illeso;0;;;
3286939;11;02/05/2017 10:00;Strada Urbana;VIALE GUGLIELMO MARCONI;in corrispondenza;;del civico n.;644;;Scontro frontale/laterale SX fra veicoli in marcia;Rettilineo;Più di due carreggiate;Asciutto;Asfaltata;Verticale ed orizzontale;Sereno;Normale;Buona;Ore Diurne;0;0;0;3;12,47371;41,85104;-1;1;Autovettura privata;In marcia / fermata / arresto;Passeggero;F;Illeso;0;;;
3286939;11;02/05/2017 10:00;Strada Urbana;VIALE GUGLIELMO MARCONI;in corrispondenza;;del civico n.;644;;Scontro frontale/laterale SX fra veicoli in marcia;Rettilineo;Più di due carreggiate;Asciutto;Asfaltata;Verticale ed orizzontale;Sereno;Normale;Buona;Ore Diurne;0;0;0;3;12,47371;41,85104;-1;2;Autovettura privata;In marcia / fermata / arresto;Conducente;M;Illeso;0;;Non accertato;
3286945;10;02/05/2017 21:50;Strada Urbana;VIA MAGNAGRECIA;in corrispondenza;;del civico n.;114;;Scontro laterale fra veicoli in marcia;Rettilineo;Una carreggiata a doppio senso;Asciutto;Asfaltata;Verticale ed orizzontale;Sereno;Normale;Buona;Sufficiente;0;0;0;4;12,50814;41,88115;-1;1;Autovettura privata;In marcia / fermata / arresto;Conducente;F;Illeso;0;;;
3286945;10;02/05/2017 21:50;Strada Urbana;VIA MAGNAGRECIA;in corrispondenza;;del civico n.;114;;Scontro laterale fra veicoli in marcia;Rettilineo;Una carreggiata a doppio senso;Asciutto;Asfaltata;Verticale ed orizzontale;Sereno;Normale;Buona;Sufficiente;0;0;0;4;12,50814;41,88115;-1;1;Autovettura privata;In marcia / fermata / arresto;Passeggero;F;Illeso;0;;;
3286945;10;02/05/2017 21:50;Strada Urbana;VIA MAGNAGRECIA;in corrispondenza;;del civico n.;114;;Scontro laterale fra veicoli in marcia;Rettilineo;Una carreggiata a doppio senso;Asciutto;Asfaltata;Verticale ed orizzontale;Sereno;Normale;Buona;Sufficiente;0;0;0;4;12,50814;41,88115;-1;1;Autovettura privata;In marcia / fermata / arresto;Passeggero;F;Illeso;0;;;
3286945;10;02/05/2017 21:50;Strada Urbana;VIA MAGNAGRECIA;in corrispondenza;;del civico n.;114;;Scontro laterale fra veicoli in marcia;Rettilineo;Una carreggiata a doppio senso;Asciutto;Asfaltata;Verticale ed orizzontale;Sereno;Normale;Buona;Sufficiente;0;0;0;4;12,50814;41,88115;-1;2;Autovettura privata;In marcia / fermata / arresto;Conducente;M;Illeso;0;;;
3286946;18;02/05/2017 07:30;Strada Urbana;PIAZZA S. GIOVANNI BATTISTA DE LA SALLE;all'intersezione semaforizzata con;CIRCONVALLAZIONE AURELIA;CIRCONVALLAZIONE AURELIA;;;Scontro frontale/laterale DX fra veicoli in marcia;Intersezione semaforizzata;Più di due carreggiate;Asciutto;Asfaltata;Verticale ed orizzontale;Sereno;Normale;Buona;Ore Diurne;0;0;0;4;12,42753;41,89842;-1;1;Autovettura di soccorso;In marcia / fermata / arresto;Passeggero;F;Illeso;0;;Non accertato;Inesistente
3286946;18;02/05/2017 07:30;Strada Urbana;PIAZZA S. GIOVANNI BATTISTA DE LA SALLE;all'intersezione semaforizzata con;CIRCONVALLAZIONE AURELIA;CIRCONVALLAZIONE AURELIA;;;Scontro frontale/laterale DX fra veicoli in marcia;Intersezione semaforizzata;Più di due carreggiate;Asciutto;Asfaltata;Verticale ed orizzontale;Sereno;Normale;Buona;Ore Diurne;0;0;0;4;12,42753;41,89842;-1;1;Autovettura di soccorso;In marcia / fermata / arresto;Passeggero;M;Illeso;0;;Non accertato;Inesploso
3286946;18;02/05/2017 07:30;Strada Urbana;PIAZZA S. GIOVANNI BATTISTA DE LA SALLE;all'intersezione semaforizzata con;CIRCONVALLAZIONE AURELIA;CIRCONVALLAZIONE AURELIA;;;Scontro frontale/laterale DX fra veicoli in marcia;Intersezione semaforizzata;Più di due carreggiate;Asciutto;Asfaltata;Verticale ed orizzontale;Sereno;Normale;Buona;Ore Diurne;0;0;0;4;12,42753;41,89842;-1;1;Autovettura di soccorso;In marcia / fermata / arresto;Conducente;M;Illeso;0;;Non accertato;Inesploso
3286946;18;02/05/2017 07:30;Strada Urbana;PIAZZA S. GIOVANNI BATTISTA DE LA SALLE;all'intersezione semaforizzata con;CIRCONVALLAZIONE AURELIA;CIRCONVALLAZIONE AURELIA;;;Scontro frontale/laterale DX fra veicoli in marcia;Intersezione semaforizzata;Più di due carreggiate;Asciutto;Asfaltata;Verticale ed orizzontale;Sereno;Normale;Buona;Ore Diurne;0;0;0;4;12,42753;41,89842;-1;2;Autocarro inferiore 35 q.;In marcia / fermata / arresto;Conducente;M;Illeso;0;;Non accertato;Inesploso
3286950;18;02/05/2017 14:30;Strada Urbana;VIA DEL QUARTACCIO;all'intersezione con;VIA DI BOCCEA;VIA DI BOCCEA;;;Tamponamento;Incrocio;Una carreggiata a senso unico di marcia;Asciutto;Asfaltata;Verticale ed orizzontale;Sereno;Normale;Buona;Ore Diurne;0;0;0;3;12,39546;41,91898;-1;1;Autovettura privata;In marcia / fermata / arresto;Passeggero;M;Illeso;0;;Non accertato;Inesploso
3286950;18;02/05/2017 14:30;Strada Urbana;VIA DEL QUARTACCIO;all'intersezione con;VIA DI BOCCEA;VIA DI BOCCEA;;;Tamponamento;Incrocio;Una carreggiata a senso unico di marcia;Asciutto;Asfaltata;Verticale ed orizzontale;Sereno;Normale;Buona;Ore Diurne;0;0;0;3;12,39546;41,91898;-1;1;Autovettura privata;In marcia / fermata / arresto;Conducente;M;Illeso;0;;Non accertato;Inesploso