Protocollo;Gruppo;DataOraIncidente;Localizzazione1;STRADA1;Localizzazione2;STRADA2;Strada02;Chilometrica;DaSpecificare;NaturaIncidente;particolaritastrade;TipoStrada;FondoStradale;Pavimentazione;Segnaletica;CondizioneAtmosferica;Traffico;Visibilita;Illuminazione;NUM_FERITI;NUM_RISERVATA;NUM_MORTI;NUM_ILLESI;Longitudine;Latitudine;Confermato;Progressivo;TipoVeicolo;StatoVeicolo;TipoPersona;Sesso;Tipolesione;Deceduto;DecedutoDopo;CinturaCascoUtilizzato;Airbag
3305079;4;12/05/2017 17:00;Strada Urbana;VIA EMILIO DE MARCHI;all'intersezione con;VIA LUIGI BERTELLI;VIA LUIGI BERTELLI;;;Scontro frontale/laterale DX fra veicoli in marcia;Incrocio;Una carreggiata a doppio senso;Asciutto;Asfaltata;Verticale;Sereno;Scarso;Buona;Ore Diurne;0;0;0;3;12,54261;41,93969;-1;2;Autovettura privata;In marcia / fermata / arresto;Conducente;M;Illeso;0;;Non accertato;Inesploso
3305079;4;12/05/2017 17:00;Strada Urbana;VIA EMILIO DE MARCHI;all'intersezione con;VIA LUIGI BERTELLI;VIA LUIGI BERTELLI;;;Scontro frontale/laterale DX fra veicoli in marcia;Incrocio;Una carreggiata a doppio senso;Asciutto;Asfaltata;Verticale;Sereno;Scarso;Buona;Ore Diurne;0;0;0;3;12,54261;41,93969;-1;2;Autovettura privata;In marcia / fermata / arresto;Passeggero;F;Illeso;0;;Non accertato;Inesploso
3305107;4;13/05/2017 13:30;Strada Urbana;PIAZZA CAPRI;da specificare;;;;in prossimità fc 36;Scontro laterale fra veicoli in marcia;Rettilineo;Una carreggiata a senso unico di marcia;Asciutto;Asfaltata;Verticale ed orizzontale;Sereno;Normale;Buona;Ore Diurne;0;0;0;3;12,52796;41,9432;-1;1;Autovettura privata;In marcia / fermata / arresto;Conducente;M;Illeso;0;;;
3305107;4;13/05/2017 13:30;Strada Urbana;PIAZZA CAPRI;da specificare;;;;in prossimità fc 36;Scontro laterale fra veicoli in marcia;Rettilineo;Una carreggiata a senso unico di marcia;Asciutto;Asfaltata;Verticale ed orizzontale;Sereno;Normale;Buona;Ore Diurne;0;0;0;3;12,52796;41,9432;-1;2;Autovettura privata;In marcia / fermata / arresto;Conducente;M;Illeso;0;;;
3305107;4;13/05/2017 13:30;Strada Urbana;PIAZZA CAPRI;da specificare;;;;in prossimità fc 36;Scontro laterale fra veicoli in marcia;Rettilineo;Una carreggiata a senso unico di marcia;Asciutto;Asfaltata;Verticale ed orizzontale;Sereno;Normale;Buona;Ore Diurne;0;0;0;3;12,52796;41,9432;-1;2;Autovettura privata;In marcia / fermata / arresto;Passeggero;F;Illeso;0;;;
3305133;4;13/05/2017 15:50;Statale entro l'abitato;VIA SALARIA;da specificare;;;;dir ROMA 100 MT dopo civico 825;Tamponamento Multiplo;Rettilineo;Due carreggiate;Asciutto;Asfaltata;Verticale ed orizzontale;Sereno;Normale;Buona;Ore Diurne;0;0;0;6;12,50726;41,94391;-1;1;Autovettura privata;In marcia / fermata / arresto;Passeggero;M;Illeso;0;;Non accertato;Inesploso
3305133;4;13/05/2017 15:50;Statale entro l'abitato;VIA SALARIA;da specificare;;;;dir ROMA 100 MT dopo civico 825;Tamponamento Multiplo;Rettilineo;Due carreggiate;Asciutto;Asfaltata;Verticale ed orizzontale;Sereno;Normale;Buona;Ore Diurne;0;0;0;6;12,50726;41,94391;-1;1;Autovettura privata;In marcia / fermata / arresto;Conducente;F;Illeso;0;;Non accertato;Inesploso
3305133;4;13/05/2017 15:50;Statale entro l'abitato;VIA SALARIA;da specificare;;;;dir ROMA 100 MT dopo civico 825;Tamponamento Multiplo;Rettilineo;Due carreggiate;Asciutto;Asfaltata;Verticale ed orizzontale;Sereno;Normale;Buona;Ore Diurne;0;0;0;6;12,50726;41,94391;-1;2;Autovettura privata;In marcia / fermata / arresto;Passeggero;M;Illeso;0;;Non accertato;Inesploso
3305133;4;13/05/2017 15:50;Statale entro l'abitato;VIA SALARIA;da specificare;;;;dir ROMA 100 MT dopo civico 825;Tamponamento Multiplo;Rettilineo;Due carreggiate;Asciutto;Asfaltata;Verticale ed orizzontale;Sereno;Normale;Buona;Ore Diurne;0;0;0;6;12,50726;41,94391;-1;2;Autovettura privata;In marcia / fermata / arresto;Passeggero;F;Illeso;0;;Non accertato;Inesploso
3305133;4;13/05/2017 15:50;Statale entro l'abitato;VIA SALARIA;da specificare;;;;dir ROMA 100 MT dopo civico 825;Tamponamento Multiplo;Rettilineo;Due carreggiate;Asciutto;Asfaltata;Verticale ed orizzontale;Sereno;Normale;Buona;Ore Diurne;0;0;0;6;12,50726;41,94391;-1;2;Autovettura privata;In marcia / fermata / arresto;Conducente;M;Illeso;0;;Non accertato;Inesploso
3305133;4;13/05/2017 15:50;Statale entro l'abitato;VIA SALARIA;da specificare;;;;dir ROMA 100 MT dopo civico 825;Tamponamento Multiplo;Rettilineo;Due carreggiate;Asciutto;Asfaltata;Verticale ed orizzontale;Sereno;Normale;Buona;Ore Diurne;0;0;0;6;12,50726;41,94391;-1;3;Autovettura privata;In marcia / fermata / arresto;Conducente;F;Illeso;0;;Non accertato;Inesploso
3305143;4;13/05/2017 14:00;Strada Urbana;VIA DI VALLE MELAINA;in prossimità;;del civico n.;26;;Tamponamento;Rettilineo;Due carreggiate;Asciutto;Asfaltata;Orizzontale;Sereno;Scarso;Buona;Ore Diurne;0;0;0;3;12,52574;41,94762;-1;1;Autovettura privata;In marcia / fermata / arresto;Conducente;M;Illeso;0;;;
3305143;4;13/05/2017 14:00;Strada Urbana;VIA DI VALLE MELAINA;in prossimità;;del civico n.;26;;Tamponamento;Rettilineo;Due carreggiate;Asciutto;Asfaltata;Orizzontale;Sereno;Scarso;Buona;Ore Diurne;0;0;0;3;12,52574;41,94762;-1;1;Autovettura privata;In marcia / fermata / arresto;Passeggero;F;Illeso;0;;;
3305143;4;13/05/2017 14:00;Strada Urbana;VIA DI VALLE MELAINA;in prossimità;;del civico n.;26;;Tamponamento;Rettilineo;Due carreggiate;Asciutto;Asfaltata;Orizzontale;Sereno;Scarso;Buona;Ore Diurne;0;0;0;3;12,52574;41,94762;-1;2;Autovettura privata;In marcia / fermata / arresto;Conducente;M;Illeso;0;;;
3305159;1;14/05/2017 17:45;Strada Urbana;LUNGOTEVERE IN AUGUSTA;all'intersezione con;PASSEGGIATA DI RIPETTA;PASSEGGIATA DI RIPETTA;;;Scontro frontale/laterale DX fra veicoli in marcia;Intersezione stradale segnalata;Una carreggiata a senso unico di marcia;Asciutto;Asfaltata;Verticale ed orizzontale;Sereno;Normale;Buona;Ore Diurne;0;0;0;3;12,47501;41,90701;-1;1;Autovettura privata;In marcia / fermata / arresto;Conducente;M;Illeso;0;;Non accertato;Inesploso
3305159;1;14/05/2017 17:45;Strada Urbana;LUNGOTEVERE IN AUGUSTA;all'intersezione con;PASSEGGIATA DI RIPETTA;PASSEGGIATA DI RIPETTA;;;Scontro frontale/laterale DX fra veicoli in marcia;Intersezione stradale segnalata;Una carreggiata a senso unico di marcia;Asciutto;Asfaltata;Verticale ed orizzontale;Sereno;Normale;Buona;Ore Diurne;0;0;0;3;12,47501;41,90701;-1;1;Autovettura privata;In marcia / fermata / arresto;Passeggero;F;Illeso;0;;Non accertato;Inesploso
3305159;1;14/05/2017 17:45;Strada Urbana;LUNGOTEVERE IN AUGUSTA;all'intersezione con;PASSEGGIATA DI RIPETTA;PASSEGGIATA DI RIPETTA;;;Scontro frontale/laterale DX fra veicoli in marcia;Intersezione stradale segnalata;Una carreggiata a senso unico di marcia;Asciutto;Asfaltata;Verticale ed orizzontale;Sereno;Normale;Buona;Ore Diurne;0;0;0;3;12,47501;41,90701;-1;2;Autovettura privata;In marcia / fermata / arresto;Conducente;M;Illeso;0;;Non accertato;Inesploso
3305161;1;14/05/2017 02:45;Strada Urbana;VIA PANISPERNA;all'intersezione con;VIA DEL BOSCHETTO;VIA DEL BOSCHETTO;;;Scontro frontale/laterale DX fra veicoli in marcia;Incrocio;Una carreggiata a senso unico di marcia;Asciutto;In cubetti di porfido;Verticale ed orizzontale;Sereno;Normale;Sufficiente;Sufficiente;1;0;0;2;12,49069;41,89639;-1;1;Autovettura privata;In marcia / fermata / arresto;Conducente;M;Illeso;0;;Non accertato;Inesploso
3305161;1;14/05/2017 02:45;Strada Urbana;VIA PANISPERNA;all'intersezione con;VIA DEL BOSCHETTO;VIA DEL BOSCHETTO;;;Scontro frontale/laterale DX fra veicoli in marcia;Incrocio;Una carreggiata a senso unico di marcia;Asciutto;In cubetti di porfido;Verticale ed orizzontale;Sereno;Normale;Sufficiente;Sufficiente;1;0;0;2;12,49069;41,89639;-1;1;Autovettura privata;In marcia / fermata / arresto;Passeggero;M;Illeso;0;;Non accertato;Inesploso
3305161;1;14/05/2017 02:45;Strada Urbana;VIA PANISPERNA;all'intersezione con;VIA DEL BOSCHETTO;VIA DEL BOSCHETTO;;;Scontro frontale/laterale DX fra veicoli in marcia;Incrocio;Una carreggiata a senso unico di marcia;Asciutto;In cubetti di porfido;Verticale ed orizzontale;Sereno;Normale;Sufficiente;Sufficiente;1;0;0;2;12,49069;41,89639;-1;2;Autovettura privata;In marcia / fermata / arresto;Conducente;M;Rifiuta cure immediate;0;NON DECEDUTO;Non accertato;Inesploso
3305164;12;14/05/2017 17:10;Strada Urbana;VIA DEL PIANETA GIOVE;all'intersezione con;VIA DEL PIANETA TERRA;VIA DEL PIANETA TERRA;;;Scontro laterale fra veicoli in marcia;Intersezione stradale segnalata;Due carreggiate;Asciutto;Asfaltata;Verticale ed orizzontale;Sereno;Scarso;Buona;Ore Diurne;1;0;0;2;12,44486;41,81714;-1;1;Autovettura privata;In marcia / fermata / arresto;Conducente;F;Illeso;0;;Utilizzato;Esploso
3305164;12;14/05/2017 17:10;Strada Urbana;VIA DEL PIANETA GIOVE;all'intersezione con;VIA DEL PIANETA TERRA;VIA DEL PIANETA TERRA;;;Scontro laterale fra veicoli in marcia;Intersezione stradale segnalata;Due carreggiate;Asciutto;Asfaltata;Verticale ed orizzontale;Sereno;Scarso;Buona;Ore Diurne;1;0;0;2;12,44486;41,81714;-1;1;Autovettura privata;In marcia / fermata / arresto;Passeggero;F;Illeso;0;;Utilizzato;Inesploso
3305164;12;14/05/2017 17:10;Strada Urbana;VIA DEL PIANETA GIOVE;all'intersezione con;VIA DEL PIANETA TERRA;VIA DEL PIANETA TERRA;;;Scontro laterale fra veicoli in marcia;Intersezione stradale segnalata;Due carreggiate;Asciutto;Asfaltata;Verticale ed orizzontale;Sereno;Scarso;Buona;Ore Diurne;1;0;0;2;12,44486;41,81714;-1;2;Autovettura privata;In marcia / fermata / arresto;Conducente;M;Rimandato;0;NON DECEDUTO;Utilizzato;Esploso
3305170;2;14/05/2017 19:50;Strada Urbana;PIAZZA DI NOVELLA;all'intersezione con;VIA DI NOVELLA;VIA DI NOVELLA;;;Tamponamento;Rotatoria;Una carreggiata a senso unico di marcia;Asciutto;Asfaltata;Orizzontale;Sereno;Scarso;Buona;Ore Diurne;1;0;0;3;12,51102;41,93071;-1;1;Autovettura privata;In marcia / fermata / arresto;Conducente;M;Illeso;0;;;
3305170;2;14/05/2017 19:50;Strada Urbana;PIAZZA DI NOVELLA;all'intersezione con;VIA DI NOVELLA;VIA DI NOVELLA;;;Tamponamento;Rotatoria;Una carreggiata a senso unico di marcia;Asciutto;Asfaltata;Orizzontale;Sereno;Scarso;Buona;Ore Diurne;1;0;0;3;12,51102;41,93071;-1;1;Autovettura privata;In marcia / fermata / arresto;Passeggero;F;Illeso;0;;;
3305170;2;14/05/2017 19:50;Strada Urbana;PIAZZA DI NOVELLA;all'intersezione con;VIA DI NOVELLA;VIA DI NOVELLA;;;Tamponamento;Rotatoria;Una carreggiata a senso unico di marcia;Asciutto;Asfaltata;Orizzontale;Sereno;Scarso;Buona;Ore Diurne;1;0;0;3;12,51102;41,93071;-1;2;Autobus urbano;In marcia / fermata / arresto;Conducente;M;Illeso;0;;Esente;Inesploso
3305170;2;14/05/2017 19:50;Strada Urbana;PIAZZA DI NOVELLA;all'intersezione con;VIA DI NOVELLA;VIA DI NOVELLA;;;Tamponamento;Rotatoria;Una carreggiata a senso unico di marcia;Asciutto;Asfaltata;Orizzontale;Sereno;Scarso;Buona;Ore Diurne;1;0;0;3;12,51102;41,93071;-1;2;Autobus urbano;In marcia / fermata / arresto;Passeggero;F;Rimandato;0;NON DECEDUTO;Non accertato;
3305173;2;14/05/2017 13:45;Strada Urbana;VIA FRANCESCO DENZA;in prossimità;;del civico n.;16;;Veicolo in marcia contro ostacolo accidentale;Rettilineo;Una carreggiata a senso unico di marcia;Asciutto;Asfaltata;Verticale ed orizzontale;Sereno;Scarso;Buona;Ore Diurne;0;0;0;1;12,48378;41,92606;-1;1;Autovettura privata;In marcia / fermata / arresto;Conducente;M;Illeso;0;;Non accertato;Inesploso
3305177;2;14/05/2017 23:50;Strada Urbana;VIALE DEL MURO TORTO;in corrispondenza;;del palo luce n.;10;;Tamponamento Multiplo;Curva a visuale libera;Due carreggiate;Asciutto;Asfaltata;Orizzontale;Sereno;Intenso;Buona;Sufficiente;0;0;0;10;12,4817;41,91072;-1;1;Autovettura privata;In marcia / fermata / arresto;Conducente;F;Illeso;0;;;
3305177;2;14/05/2017 23:50;Strada Urbana;VIALE DEL MURO TORTO;in corrispondenza;;del palo luce n.;10;;Tamponamento Multiplo;Curva a visuale libera;Due carreggiate;Asciutto;Asfaltata;Orizzontale;Sereno;Intenso;Buona;Sufficiente;0;0;0;10;12,4817;41,91072;-1;1;Autovettura privata;In marcia / fermata / arresto;Passeggero;M;Illeso;0;;Non accertato;Inesploso
3305177;2;14/05/2017 23:50;Strada Urbana;VIALE DEL MURO TORTO;in corrispondenza;;del palo luce n.;10;;Tamponamento Multiplo;Curva a visuale libera;Due carreggiate;Asciutto;Asfaltata;Orizzontale;Sereno;Intenso;Buona;Sufficiente;0;0;0;10;12,4817;41,91072;-1;2;Autovettura privata;In marcia / fermata / arresto;Conducente;M;Illeso;0;;;
3305177;2;14/05/2017 23:50;Strada Urbana;VIALE DEL MURO TORTO;in corrispondenza;;del palo luce n.;10;;Tamponamento Multiplo;Curva a visuale libera;Due carreggiate;Asciutto;Asfaltata;Orizzontale;Sereno;Intenso;Buona;Sufficiente;0;0;0;10;12,4817;41,91072;-1;3;Autovettura privata;In marcia / fermata / arresto;Conducente;M;Illeso;0;;Non accertato;Inesploso
3305177;2;14/05/2017 23:50;Strada Urbana;VIALE DEL MURO TORTO;in corrispondenza;;del palo luce n.;10;;Tamponamento Multiplo;Curva a visuale libera;Due carreggiate;Asciutto;Asfaltata;Orizzontale;Sereno;Intenso;Buona;Sufficiente;0;0;0;10;12,4817;41,91072;-1;3;Autovettura privata;In marcia / fermata / arresto;Passeggero;F;Illeso;0;;Non accertato;Inesploso
3305177;2;14/05/2017 23:50;Strada Urbana;VIALE DEL MURO TORTO;in corrispondenza;;del palo luce n.;10;;Tamponamento Multiplo;Curva a visuale libera;Due carreggiate;Asciutto;Asfaltata;Orizzontale;Sereno;Intenso;Buona;Sufficiente;0;0;0;10;12,4817;41,91072;-1;4;Autovettura privata;In marcia / fermata / arresto;Conducente;M;Illeso;0;;Non accertato;Inesploso
3305177;2;14/05/2017 23:50;Strada Urbana;VIALE DEL MURO TORTO;in corrispondenza;;del palo luce n.;10;;Tamponamento Multiplo;Curva a visuale libera;Due carreggiate;Asciutto;Asfaltata;Orizzontale;Sereno;Intenso;Buona;Sufficiente;0;0;0;10;12,4817;41,91072;-1;4;Autovettura privata;In marcia / fermata / arresto;Passeggero;M;Illeso;0;;;
3305177;2;14/05/2017 23:50;Strada Urbana;VIALE DEL MURO TORTO;in corrispondenza;;del palo luce n.;10;;Tamponamento Multiplo;Curva a visuale libera;Due carreggiate;Asciutto;Asfaltata;Orizzontale;Sereno;Intenso;Buona;Sufficiente;0;0;0;10;12,4817;41,91072;-1;4;Autovettura privata;In marcia / fermata / arresto;Passeggero;M;Illeso;0;;Non accertato;Inesploso
3305177;2;14/05/2017 23:50;Strada Urbana;VIALE DEL MURO TORTO;in corrispondenza;;del palo luce n.;10;;Tamponamento Multiplo;Curva a visuale libera;Due carreggiate;Asciutto;Asfaltata;Orizzontale;Sereno;Intenso;Buona;Sufficiente;0;0;0;10;12,4817;41,91072;-1;4;Autovettura privata;In marcia / fermata / arresto;Passeggero;M;Illeso;0;;Non accertato;Inesploso
3305177;2;14/05/2017 23:50;Strada Urbana;VIALE DEL MURO TORTO;in corrispondenza;;del palo luce n.;10;;Tamponamento Multiplo;Curva a visuale libera;Due carreggiate;Asciutto;Asfaltata;Orizzontale;Sereno;Intenso;Buona;Sufficiente;0;0;0;10;12,4817;41,91072;-1;4;Autovettura privata;In marcia / fermata / arresto;Passeggero;M;Illeso;0;;Non accertato;Inesploso
3305182;4;13/05/2017 07:55;Provinciale entro l'abitato;VIA NOMENTANA;all'intersezione semaforizzata con;VIA ARTURO GRAF;VIA ARTURO GRAF;;;Scontro frontale/laterale DX fra veicoli in marcia;Intersezione semaforizzata;Una carreggiata a doppio senso;Asciutto;Asfaltata;Verticale ed orizzontale;Sereno;Normale;Buona;Ore Diurne;2;0;0;1;12,55245;41,94115;-1;1;Autovettura privata;In marcia / fermata / arresto;Conducente;M;Illeso;0;;;
3305182;4;13/05/2017 07:55;Provinciale entro l'abitato;VIA NOMENTANA;all'intersezione semaforizzata con;VIA ARTURO GRAF;VIA ARTURO GRAF;;;Scontro frontale/laterale DX fra veicoli in marcia;Intersezione semaforizzata;Una carreggiata a doppio senso;Asciutto;Asfaltata;Verticale ed orizzontale;Sereno;Normale;Buona;Ore Diurne;2;0;0;1;12,55245;41,94115;-1;2;Motociclo con passeggero;In marcia / fermata / arresto;Conducente;M;Rimandato;0;NON DECEDUTO;;
3305182;4;13/05/2017 07:55;Provinciale entro l'abitato;VIA NOMENTANA;all'intersezione semaforizzata con;VIA ARTURO GRAF;VIA ARTURO GRAF;;;Scontro frontale/laterale DX fra veicoli in marcia;Intersezione semaforizzata;Una carreggiata a doppio senso;Asciutto;Asfaltata;Verticale ed orizzontale;Sereno;Normale;Buona;Ore Diurne;2;0;0;1;12,55245;41,94115;-1;2;Motociclo con passeggero;In marcia / fermata / arresto;Passeggero;F;Rimandato;0;NON DECEDUTO;;
3305206;4;13/05/2017 12:20;Strada Urbana;PIAZZA DELL'ATENEO SALESIANO;da specificare;;;;prossimità VIA FRANCESCO COCCO ORTU;Scontro frontale/laterale DX fra veicoli in marcia;Rettilineo;Una carreggiata a doppio senso;Asciutto;Asfaltata;Verticale ed orizzontale;Sereno;Normale;Buona;Ore Diurne;0;0;0;2;12,52335;41,95957;-1;1;Quadriciclo leggero;In marcia / fermata / arresto;Conducente;M;Illeso;0;;Non accertato;
3305206;4;13/05/2017 12:20;Strada Urbana;PIAZZA DELL'ATENEO SALESIANO;da specificare;;;;prossimità VIA FRANCESCO COCCO ORTU;Scontro frontale/laterale DX fra veicoli in marcia;Rettilineo;Una carreggiata a doppio senso;Asciutto;Asfaltata;Verticale ed orizzontale;Sereno;Normale;Buona;Ore Diurne;0;0;0;2;12,52335;41,95957;-1;2;Autovettura privata;In marcia / fermata / arresto;Conducente;F;Illeso;0;;Non accertato;Inesploso
3305241;4;14/05/2017 13:50;Strada Urbana;LARGO LUCHINO VISCONTI;da specificare;;;;altezza v. Giuseppe de Santis;Tamponamento;Rotatoria;Una carreggiata a senso unico di marcia;Asciutto;Asfaltata;Verticale ed orizzontale;Sereno;Normale;Buona;Ore Diurne;1;0;0;1;12,53537;41,96563;-1;1;Autovettura privata;In marcia / fermata / arresto;Conducente;F;Illeso;0;;;
3305241;4;14/05/2017 13:50;Strada Urbana;LARGO LUCHINO VISCONTI;da specificare;;;;altezza v. Giuseppe de Santis;Tamponamento;Rotatoria;Una carreggiata a senso unico di marcia;Asciutto;Asfaltata;Verticale ed orizzontale;Sereno;Normale;Buona;Ore Diurne;1;0;0;1;12,53537;41,96563;-1;2;Autovettura privata;In marcia / fermata / arresto;Conducente;M;Rimandato;0;NON DECEDUTO;;
3305248;1;15/05/2017 07:45;Strada Urbana;VIA PRINCIPE EUGENIO;all'intersezione con;VIA BIXIO;VIA BIXIO;;;Scontro frontale/laterale SX fra veicoli in marcia;Incrocio;Più di due carreggiate;Asciutto;Asfaltata;Verticale ed orizzontale;Sereno;Normale;Buona;Ore Diurne;1;0;0;1;12,50866;41,89363;-1;1;Autovettura privata;In marcia / fermata / arresto;Conducente;M;Illeso;0;;Non accertato;Inesploso
3305248;1;15/05/2017 07:45;Strada Urbana;VIA PRINCIPE EUGENIO;all'intersezione con;VIA BIXIO;VIA BIXIO;;;Scontro frontale/laterale SX fra veicoli in marcia;Incrocio;Più di due carreggiate;Asciutto;Asfaltata;Verticale ed orizzontale;Sereno;Normale;Buona;Ore Diurne;1;0;0;1;12,50866;41,89363;-1;2;Motociclo a solo;In marcia / fermata / arresto;Conducente;M;Rimandato;0;NON DECEDUTO;Non accertato;
3305254;7;15/05/2017 09:15;Strada Urbana;VIA DELIA;all'intersezione con;VIA CASTEL DI IERI;VIA CASTEL DI IERI;;;Scontro laterale fra veicoli in marcia;Incrocio;Una carreggiata a senso unico di marcia;Asciutto;Asfaltata;Verticale ed orizzontale;Sereno;Scarso;Sufficiente;Ore Diurne;0;0;0;4;12,61075;41,91649;-1;1;Autovettura privata;In marcia / fermata / arresto;Conducente;M;Illeso;0;;Non accertato;Inesploso
3305254;7;15/05/2017 09:15;Strada Urbana;VIA DELIA;all'intersezione con;VIA CASTEL DI IERI;VIA CASTEL DI IERI;;;Scontro laterale fra veicoli in marcia;Incrocio;Una carreggiata a senso unico di marcia;Asciutto;Asfaltata;Verticale ed orizzontale;Sereno;Scarso;Sufficiente;Ore Diurne;0;0;0;4;12,61075;41,91649;-1;2;Autovettura privata;In marcia / fermata / arresto;Conducente;M;Illeso;0;;Non accertato;Inesploso
3305254;7;15/05/2017 09:15;Strada Urbana;VIA DELIA;all'intersezione con;VIA CASTEL DI IERI;VIA CASTEL DI IERI;;;Scontro laterale fra veicoli in marcia;Incrocio;Una carreggiata a senso unico di marcia;Asciutto;Asfaltata;Verticale ed orizzontale;Sereno;Scarso;Sufficiente;Ore Diurne;0;0;0;4;12,61075;41,91649;-1;2;Autovettura privata;In marcia / fermata / arresto;Passeggero;M;Illeso;0;;Non accertato;Inesploso
3305254;7;15/05/2017 09:15;Strada Urbana;VIA DELIA;all'intersezione con;VIA CASTEL DI IERI;VIA CASTEL DI IERI;;;Scontro laterale fra veicoli in marcia;Incrocio;Una carreggiata a senso unico di marcia;Asciutto;Asfaltata;Verticale ed orizzontale;Sereno;Scarso;Sufficiente;Ore Diurne;0;0;0;4;12,61075;41,91649;-1;2;Autovettura privata;In marcia / fermata / arresto;Passeggero;F;Illeso;0;;Non accertato;Inesploso
3305274;16;12/05/2017 20:40;Strada Urbana;VIA DI BRAVETTA;in corrispondenza;;del civico n.;434;;Scontro frontale/laterale SX fra veicoli in marcia;Rettilineo;Una carreggiata a doppio senso;Asciutto;Asfaltata;Orizzontale;Nuvoloso;Normale;Buona;Sufficiente;1;0;0;1;12,42468;41,87547;-1;1;Autovettura privata;In marcia / fermata / arresto;Conducente;M;Rimandato;0;NON DECEDUTO;Non accertato;Inesploso
3305274;16;12/05/2017 20:40;Strada Urbana;VIA DI BRAVETTA;in corrispondenza;;del civico n.;434;;Scontro frontale/laterale SX fra veicoli in marcia;Rettilineo;Una carreggiata a doppio senso;Asciutto;Asfaltata;Orizzontale;Nuvoloso;Normale;Buona;Sufficiente;1;0;0;1;12,42468;41,87547;-1;2;Autocarro inferiore 35 q.;In marcia / fermata / arresto;Conducente;M;Illeso;0;;Non accertato;Inesploso
3305322;1;15/05/2017 08:10;Strada Urbana;VIALE MARCO POLO;in corrispondenza;;del civico n.;84;;Tamponamento;Rettilineo;Una carreggiata a senso unico alternato;Asciutto;Asfaltata;Verticale ed orizzontale;Sereno;Normale;Buona;Ore Diurne;1;0;0;1;12,48921;41,87265;-1;1;Autovettura privata;In marcia / fermata / arresto;Conducente;M;Illeso;0;;;
3305322;1;15/05/2017 08:10;Strada Urbana;VIALE MARCO POLO;in corrispondenza;;del civico n.;84;;Tamponamento;Rettilineo;Una carreggiata a senso unico alternato;Asciutto;Asfaltata;Verticale ed orizzontale;Sereno;Normale;Buona;Ore Diurne;1;0;0;1;12,48921;41,87265;-1;2;Autovettura privata;In marcia / fermata / arresto;Conducente;F;Rimandato;0;NON DECEDUTO;;
3305328;3;12/05/2017 11:10;Strada Urbana;LARGO GUIDO MAZZONI;da specificare;;;;prossimità parcheggio taxi;Veicolo in marcia contro veicolo in sosta;Curva a visuale libera;Una carreggiata a senso unico di marcia;Asciutto;Asfaltata;Verticale ed orizzontale;Sereno;Scarso;Buona;Ore Diurne;0;0;0;1;12,52684;41,90954;-1;2;Autovettura privata;In marcia / fermata / arresto;Conducente;F;Illeso;0;;Non accertato;
3305358;2;15/05/2017 02:10;Strada Urbana;PIAZZALE BRASILE;all'intersezione con;VIALE SAN PAOLO DEL BRASILE;VIALE SAN PAOLO DEL BRASILE;;;Veicolo in marcia contro ostacolo fisso;Intersezione stradale segnalata;Una carreggiata a doppio senso;Asciutto;Asfaltata;Verticale ed orizzontale;Sereno;Scarso;Sufficiente;Sufficiente;2;0;0;1;12,48787;41,91005;-1;1;Autobus di linea;In marcia / fermata / arresto;Conducente;F;Illeso;0;;;
3305358;2;15/05/2017 02:10;Strada Urbana;PIAZZALE BRASILE;all'intersezione con;VIALE SAN PAOLO DEL BRASILE;VIALE SAN PAOLO DEL BRASILE;;;Veicolo in marcia contro ostacolo fisso;Intersezione stradale segnalata;Una carreggiata a doppio senso;Asciutto;Asfaltata;Verticale ed orizzontale;Sereno;Scarso;Sufficiente;Sufficiente;2;0;0;1;12,48787;41,91005;-1;1;Autobus di linea;In marcia / fermata / arresto;Passeggero;F;Rimandato;0;NON DECEDUTO;;
3305358;2;15/05/2017 02:10;Strada Urbana;PIAZZALE BRASILE;all'intersezione con;VIALE SAN PAOLO DEL BRASILE;VIALE SAN PAOLO DEL BRASILE;;;Veicolo in marcia contro ostacolo fisso;Intersezione stradale segnalata;Una carreggiata a doppio senso;Asciutto;Asfaltata;Verticale ed orizzontale;Sereno;Scarso;Sufficiente;Sufficiente;2;0;0;1;12,48787;41,91005;-1;1;Autobus di linea;In marcia / fermata / arresto;Passeggero;M;Rimandato;0;NON DECEDUTO;;
3305373;3;12/05/2017 14:50;Strada Urbana;CIRCONVALLAZIONE NOMENTANA;da specificare;;;;alt. Staz. Tiburtina rampa uscita dir.ne Verano;Scontro frontale/laterale SX fra veicoli in marcia;Curva a visuale libera;Una carreggiata a senso unico di marcia;Asciutto;Asfaltata;Verticale ed orizzontale;Nuvoloso;Normale;Buona;Ore Diurne;1;0;0;1;12,53046;41,90982;-1;1;Autocarro inferiore 35 q.;In marcia / fermata / arresto;Conducente;M;Illeso;0;;Non accertato;Inesploso
3305373;3;12/05/2017 14:50;Strada Urbana;CIRCONVALLAZIONE NOMENTANA;da specificare;;;;alt. Staz. Tiburtina rampa uscita dir.ne Verano;Scontro frontale/laterale SX fra veicoli in marcia;Curva a visuale libera;Una carreggiata a senso unico di marcia;Asciutto;Asfaltata;Verticale ed orizzontale;Nuvoloso;Normale;Buona;Ore Diurne;1;0;0;1;12,53046;41,90982;-1;2;Motociclo a solo;In marcia / fermata / arresto;Conducente;M;Ricoverato;0;NON DECEDUTO;Non accertato;