Protocollo;Gruppo;DataOraIncidente;Localizzazione1;STRADA1;Localizzazione2;STRADA2;Strada02;Chilometrica;DaSpecificare;NaturaIncidente;particolaritastrade;TipoStrada;FondoStradale;Pavimentazione;Segnaletica;CondizioneAtmosferica;Traffico;Visibilita;Illuminazione;NUM_FERITI;NUM_RISERVATA;NUM_MORTI;NUM_ILLESI;Longitudine;Latitudine;Confermato;Progressivo;TipoVeicolo;StatoVeicolo;TipoPersona;Sesso;Tipolesione;Deceduto;DecedutoDopo;CinturaCascoUtilizzato;Airbag
3308607;8;16/05/2017 11:30;Provinciale entro l'abitato;VIA PRENESTINA;in prossimità;;del civico n.;1146;;Tamponamento;Rettilineo;Una carreggiata a doppio senso;Asciutto;Asfaltata;Verticale ed orizzontale;Sereno;Intenso;Buona;Ore Diurne;0;0;0;3;12,61976;41,89316;-1;1;Autovettura privata;In marcia / fermata / arresto;Passeggero;F;Illeso;0;;Non accertato;Inesploso
3308607;8;16/05/2017 11:30;Provinciale entro l'abitato;VIA PRENESTINA;in prossimità;;del civico n.;1146;;Tamponamento;Rettilineo;Una carreggiata a doppio senso;Asciutto;Asfaltata;Verticale ed orizzontale;Sereno;Intenso;Buona;Ore Diurne;0;0;0;3;12,61976;41,89316;-1;2;Autocarro inferiore 35 q.;In marcia / fermata / arresto;Conducente;M;Illeso;0;;Non accertato;Inesploso
3308611;8;16/05/2017 16:00;Strada Urbana;VIA SILICELLA;in prossimità;;del civico n.;148A;;Veicolo in marcia contro ostacolo accidentale;Rettilineo;Una carreggiata a doppio senso;Asciutto;Con buche;Verticale;Sereno;Normale;Buona;Ore Diurne;0;0;0;1;12,59749;41,85744;-1;1;Autovettura privata;In marcia / fermata / arresto;Conducente;M;Illeso;0;;Non accertato;Inesploso
3308620;4;16/05/2017 16:45;Strada Urbana;VIA SALARIA;all'intersezione con;SALITA DELLA MARCIGLIANA;SALITA DELLA MARCIGLIANA;;;Tamponamento;Incrocio;Una carreggiata a doppio senso;Asciutto;Asfaltata;Verticale ed orizzontale;Sereno;Normale;Buona;Ore Diurne;0;0;0;2;12,51787;42,00296;-1;1;Autovettura privata;In marcia / fermata / arresto;Conducente;F;Illeso;0;;Non accertato;Inesploso
3308620;4;16/05/2017 16:45;Strada Urbana;VIA SALARIA;all'intersezione con;SALITA DELLA MARCIGLIANA;SALITA DELLA MARCIGLIANA;;;Tamponamento;Incrocio;Una carreggiata a doppio senso;Asciutto;Asfaltata;Verticale ed orizzontale;Sereno;Normale;Buona;Ore Diurne;0;0;0;2;12,51787;42,00296;-1;2;Autovettura privata;In marcia / fermata / arresto;Conducente;F;Illeso;0;;Non accertato;Inesploso
3308642;12;16/05/2017 19:30;Strada Urbana;VIA CRISTOFORO COLOMBO;da specificare;;;;alt. palo Acea  556 8alt. p.le Nervi);Tamponamento Multiplo;Rettilineo;Una carreggiata a senso unico di marcia;Asciutto;Asfaltata;Verticale ed orizzontale;Nuvoloso;Intenso;Buona;Ore Diurne;1;0;0;4;12,49637;41,87316;-1;1;Autovettura privata;In marcia / fermata / arresto;Conducente;M;Rimandato;0;NON DECEDUTO;Utilizzato;Inesploso
3308642;12;16/05/2017 19:30;Strada Urbana;VIA CRISTOFORO COLOMBO;da specificare;;;;alt. palo Acea  556 8alt. p.le Nervi);Tamponamento Multiplo;Rettilineo;Una carreggiata a senso unico di marcia;Asciutto;Asfaltata;Verticale ed orizzontale;Nuvoloso;Intenso;Buona;Ore Diurne;1;0;0;4;12,49637;41,87316;-1;1;Autovettura privata;In marcia / fermata / arresto;Passeggero;F;Illeso;0;;Utilizzato;Inesploso
3308642;12;16/05/2017 19:30;Strada Urbana;VIA CRISTOFORO COLOMBO;da specificare;;;;alt. palo Acea  556 8alt. p.le Nervi);Tamponamento Multiplo;Rettilineo;Una carreggiata a senso unico di marcia;Asciutto;Asfaltata;Verticale ed orizzontale;Nuvoloso;Intenso;Buona;Ore Diurne;1;0;0;4;12,49637;41,87316;-1;1;Autovettura privata;In marcia / fermata / arresto;Passeggero;F;Illeso;0;;Utilizzato;Inesploso
3308642;12;16/05/2017 19:30;Strada Urbana;VIA CRISTOFORO COLOMBO;da specificare;;;;alt. palo Acea  556 8alt. p.le Nervi);Tamponamento Multiplo;Rettilineo;Una carreggiata a senso unico di marcia;Asciutto;Asfaltata;Verticale ed orizzontale;Nuvoloso;Intenso;Buona;Ore Diurne;1;0;0;4;12,49637;41,87316;-1;2;Autovettura privata;In marcia / fermata / arresto;Conducente;F;Illeso;0;;Utilizzato;Inesploso
3308642;12;16/05/2017 19:30;Strada Urbana;VIA CRISTOFORO COLOMBO;da specificare;;;;alt. palo Acea  556 8alt. p.le Nervi);Tamponamento Multiplo;Rettilineo;Una carreggiata a senso unico di marcia;Asciutto;Asfaltata;Verticale ed orizzontale;Nuvoloso;Intenso;Buona;Ore Diurne;1;0;0;4;12,49637;41,87316;-1;3;Autovettura privata;In marcia / fermata / arresto;Conducente;F;Illeso;0;;Utilizzato;Inesploso
3308678;12;16/05/2017 09:15;Strada Urbana;VIA EDOARDO AMALDI;da specificare;;;;rotatoria Leroy Merlin;Scontro laterale fra veicoli in marcia;Rotatoria;Due carreggiate;Asciutto;Asfaltata;Verticale ed orizzontale;Sereno;Scarso;Buona;Ore Diurne;0;0;0;2;12,48541;41,79397;-1;1;Autovettura privata;In marcia / fermata / arresto;Conducente;F;Illeso;0;;;
3308678;12;16/05/2017 09:15;Strada Urbana;VIA EDOARDO AMALDI;da specificare;;;;rotatoria Leroy Merlin;Scontro laterale fra veicoli in marcia;Rotatoria;Due carreggiate;Asciutto;Asfaltata;Verticale ed orizzontale;Sereno;Scarso;Buona;Ore Diurne;0;0;0;2;12,48541;41,79397;-1;2;Autovettura privata;In marcia / fermata / arresto;Conducente;M;Illeso;0;;;
3308692;2;16/05/2017 11:50;Strada Urbana;VIA SALARIA;all'intersezione con;VIA YSER;VIA YSER;;;Scontro frontale/laterale SX fra veicoli in marcia;Incrocio;Due carreggiate;Asciutto;Asfaltata;Verticale ed orizzontale;Sereno;Normale;Buona;Ore Diurne;0;0;0;3;12,4992;41,9201;-1;1;Autovettura privata;In marcia / fermata / arresto;Conducente;F;Illeso;0;;Non accertato;Inesploso
3308692;2;16/05/2017 11:50;Strada Urbana;VIA SALARIA;all'intersezione con;VIA YSER;VIA YSER;;;Scontro frontale/laterale SX fra veicoli in marcia;Incrocio;Due carreggiate;Asciutto;Asfaltata;Verticale ed orizzontale;Sereno;Normale;Buona;Ore Diurne;0;0;0;3;12,4992;41,9201;-1;1;Autovettura privata;In marcia / fermata / arresto;Passeggero;F;Illeso;0;;Non accertato;Inesploso
3308692;2;16/05/2017 11:50;Strada Urbana;VIA SALARIA;all'intersezione con;VIA YSER;VIA YSER;;;Scontro frontale/laterale SX fra veicoli in marcia;Incrocio;Due carreggiate;Asciutto;Asfaltata;Verticale ed orizzontale;Sereno;Normale;Buona;Ore Diurne;0;0;0;3;12,4992;41,9201;-1;2;Autovettura privata;In marcia / fermata / arresto;Conducente;M;Illeso;0;;Non accertato;
3308711;4;16/05/2017 08:10;Provinciale;VIA NOMENTANA;in prossimità;;della chilometrica;15.7;;Scontro frontale/laterale SX fra veicoli in marcia;Rettilineo;Una carreggiata a doppio senso;Asciutto;Asfaltata;Verticale ed orizzontale;Sereno;Intenso;Buona;Ore Diurne;1;0;0;1;12,55245;41,94115;-1;1;Autovettura privata;In marcia / fermata / arresto;Conducente;M;Illeso;0;;;
3308711;4;16/05/2017 08:10;Provinciale;VIA NOMENTANA;in prossimità;;della chilometrica;15.7;;Scontro frontale/laterale SX fra veicoli in marcia;Rettilineo;Una carreggiata a doppio senso;Asciutto;Asfaltata;Verticale ed orizzontale;Sereno;Intenso;Buona;Ore Diurne;1;0;0;1;12,55245;41,94115;-1;2;Motociclo a solo;In marcia / fermata / arresto;Conducente;M;Rimandato;0;NON DECEDUTO;;
3308720;2;16/05/2017 12:00;Strada Urbana;VIA DEI GALLA E SIDAMA;in prossimità;;del civico n.;65;;Veicolo in marcia contro ostacolo fisso;Rettilineo;Una carreggiata a senso unico di marcia;Asciutto;Asfaltata;Orizzontale;Sereno;Scarso;Buona;Ore Diurne;0;0;0;1;12,52303;41,93144;-1;1;Autovettura privata;In marcia / fermata / arresto;Conducente;M;Illeso;0;;Non accertato;Inesploso
3308725;11;17/05/2017 07:40;Strada Urbana;VIA DI CASAL ROTONDO;in corrispondenza;;del civico n.;4;;Scontro frontale/laterale DX fra veicoli in marcia;Rettilineo;Una carreggiata a doppio senso;Asciutto;Asfaltata;Assente;Sereno;Scarso;Buona;Ore Diurne;0;0;1;1;12,55664;41,82059;-1;1;Motrice;In marcia / fermata / arresto;Conducente;M;Illeso;0;;Non accertato;Inesploso
3308725;11;17/05/2017 07:40;Strada Urbana;VIA DI CASAL ROTONDO;in corrispondenza;;del civico n.;4;;Scontro frontale/laterale DX fra veicoli in marcia;Rettilineo;Una carreggiata a doppio senso;Asciutto;Asfaltata;Assente;Sereno;Scarso;Buona;Ore Diurne;0;0;1;1;12,55664;41,82059;-1;2;Motociclo a solo;In marcia / fermata / arresto;Conducente;M;Deceduto sul posto;-1;;Utilizzato;
3308726;12;15/05/2017 18:15;Strada Urbana;VIA LUIGI CHIARINI;in prossimità;;del civico n.;259;;Scontro laterale fra veicoli in marcia;Rettilineo;Una carreggiata a doppio senso;Asciutto;Asfaltata;Orizzontale;Sereno;Normale;Buona;Ore Diurne;0;0;0;2;12,4729;41,79086;-1;1;Autovettura privata;In marcia / fermata / arresto;Conducente;F;Illeso;0;;;
3308726;12;15/05/2017 18:15;Strada Urbana;VIA LUIGI CHIARINI;in prossimità;;del civico n.;259;;Scontro laterale fra veicoli in marcia;Rettilineo;Una carreggiata a doppio senso;Asciutto;Asfaltata;Orizzontale;Sereno;Normale;Buona;Ore Diurne;0;0;0;2;12,4729;41,79086;-1;2;Autovettura privata;In marcia / fermata / arresto;Conducente;F;Illeso;0;;;
3308728;2;16/05/2017 07:55;Strada Urbana;CORSO TRIESTE;da specificare;;;;pross. PIAZZA TRASIMENO dir. NOMENTANA;Scontro laterale fra veicoli in marcia;Rettilineo;Due carreggiate;Asciutto;Asfaltata;Verticale ed orizzontale;Sereno;Normale;Buona;Ore Diurne;0;0;0;2;12,50717;41,91907;-1;1;Autovettura privata;In marcia / fermata / arresto;Conducente;M;Illeso;0;;;
3308728;2;16/05/2017 07:55;Strada Urbana;CORSO TRIESTE;da specificare;;;;pross. PIAZZA TRASIMENO dir. NOMENTANA;Scontro laterale fra veicoli in marcia;Rettilineo;Due carreggiate;Asciutto;Asfaltata;Verticale ed orizzontale;Sereno;Normale;Buona;Ore Diurne;0;0;0;2;12,50717;41,91907;-1;2;Motociclo a solo;In marcia / fermata / arresto;Conducente;M;Illeso;0;;;
3308772;2;17/05/2017 09:00;Strada Urbana;VIALE DEL MURO TORTO;da specificare;;;;pross rampa di uscita per via di porta pinciana;Scontro laterale fra veicoli in marcia;Rettilineo;Due carreggiate;Asciutto;Asfaltata;Verticale ed orizzontale;Sereno;Normale;Buona;Ore Diurne;1;0;0;3;12,4817;41,91072;-1;1;Autocarro inferiore 35 q.;In marcia / fermata / arresto;Conducente;M;Illeso;0;;Non accertato;Inesploso
3308772;2;17/05/2017 09:00;Strada Urbana;VIALE DEL MURO TORTO;da specificare;;;;pross rampa di uscita per via di porta pinciana;Scontro laterale fra veicoli in marcia;Rettilineo;Due carreggiate;Asciutto;Asfaltata;Verticale ed orizzontale;Sereno;Normale;Buona;Ore Diurne;1;0;0;3;12,4817;41,91072;-1;1;Autocarro inferiore 35 q.;In marcia / fermata / arresto;Passeggero;F;Illeso;0;;Non accertato;Inesploso
3308772;2;17/05/2017 09:00;Strada Urbana;VIALE DEL MURO TORTO;da specificare;;;;pross rampa di uscita per via di porta pinciana;Scontro laterale fra veicoli in marcia;Rettilineo;Due carreggiate;Asciutto;Asfaltata;Verticale ed orizzontale;Sereno;Normale;Buona;Ore Diurne;1;0;0;3;12,4817;41,91072;-1;2;Motociclo a solo;In marcia / fermata / arresto;Conducente;M;Ricoverato;0;NON DECEDUTO;Non accertato;
3308772;2;17/05/2017 09:00;Strada Urbana;VIALE DEL MURO TORTO;da specificare;;;;pross rampa di uscita per via di porta pinciana;Scontro laterale fra veicoli in marcia;Rettilineo;Due carreggiate;Asciutto;Asfaltata;Verticale ed orizzontale;Sereno;Normale;Buona;Ore Diurne;1;0;0;3;12,4817;41,91072;-1;3;Autovettura privata;In marcia / fermata / arresto;Conducente;M;Illeso;0;;Non accertato;Inesploso
3308787;12;16/05/2017 07:45;Strada Urbana;VIALE GIORGIO RIBOTTA;all'intersezione con;VIA PARIDE STEFANINI;VIA PARIDE STEFANINI;;;Scontro frontale/laterale DX fra veicoli in marcia;Rotatoria;Una carreggiata a senso unico di marcia;Asciutto;Asfaltata;Verticale ed orizzontale;Sereno;Normale;Buona;Ore Diurne;2;0;0;0;12,45659;41,8185;-1;1;Autovettura privata;In marcia / fermata / arresto;Conducente;F;Rimandato;0;NON DECEDUTO;Non accertato;Inesploso
3308787;12;16/05/2017 07:45;Strada Urbana;VIALE GIORGIO RIBOTTA;all'intersezione con;VIA PARIDE STEFANINI;VIA PARIDE STEFANINI;;;Scontro frontale/laterale DX fra veicoli in marcia;Rotatoria;Una carreggiata a senso unico di marcia;Asciutto;Asfaltata;Verticale ed orizzontale;Sereno;Normale;Buona;Ore Diurne;2;0;0;0;12,45659;41,8185;-1;2;Quadriciclo leggero;In marcia / fermata / arresto;Conducente;F;Rimandato;0;NON DECEDUTO;;
3308809;12;16/05/2017 08:45;Strada Urbana;VIALE DELLA TECNICA;all'intersezione con;VIALE DEL CICLISMO;VIALE DEL CICLISMO;;;Scontro laterale fra veicoli in marcia;Incrocio;Una carreggiata a doppio senso;Asciutto;Asfaltata;Verticale ed orizzontale;Sereno;Normale;Buona;Ore Diurne;0;0;0;2;12,45927;41,82698;-1;1;Autovettura privata;In marcia / fermata / arresto;Conducente;M;Illeso;0;;Utilizzato;Inesploso
3308809;12;16/05/2017 08:45;Strada Urbana;VIALE DELLA TECNICA;all'intersezione con;VIALE DEL CICLISMO;VIALE DEL CICLISMO;;;Scontro laterale fra veicoli in marcia;Incrocio;Una carreggiata a doppio senso;Asciutto;Asfaltata;Verticale ed orizzontale;Sereno;Normale;Buona;Ore Diurne;0;0;0;2;12,45927;41,82698;-1;2;Autovettura privata;In marcia / fermata / arresto;Conducente;M;Illeso;0;;Utilizzato;Inesploso
3308817;12;16/05/2017 08:15;Strada Urbana;VIA MARIO CARUCCI;in corrispondenza;;del civico n.;131;;Scontro laterale fra veicoli in marcia;Rettilineo;Una carreggiata a doppio senso;Asciutto;Strada pavimentata dissestata;Verticale;Sereno;Scarso;Buona;Ore Diurne;1;0;0;1;12,48983;41,79786;-1;1;Autovettura privata;In marcia / fermata / arresto;Conducente;F;Rimandato;0;NON DECEDUTO;Utilizzato;Inesploso
3308817;12;16/05/2017 08:15;Strada Urbana;VIA MARIO CARUCCI;in corrispondenza;;del civico n.;131;;Scontro laterale fra veicoli in marcia;Rettilineo;Una carreggiata a doppio senso;Asciutto;Strada pavimentata dissestata;Verticale;Sereno;Scarso;Buona;Ore Diurne;1;0;0;1;12,48983;41,79786;-1;2;Autobus di linea;In marcia / fermata / arresto;Conducente;M;Illeso;0;;Utilizzato;Inesploso
3308845;12;15/05/2017 19:00;Provinciale;VIA DEL MARE;in corrispondenza;;della chilometrica;7.6;;Tamponamento Multiplo;Rettilineo;Una carreggiata a doppio senso;Asciutto;Asfaltata;Verticale ed orizzontale;Sereno;Normale;Insufficiente;Inesistente;1;0;0;4;12,44577;41,82709;-1;1;Autovettura privata;In marcia / fermata / arresto;Conducente;M;Illeso;0;;Utilizzato;
3308845;12;15/05/2017 19:00;Provinciale;VIA DEL MARE;in corrispondenza;;della chilometrica;7.6;;Tamponamento Multiplo;Rettilineo;Una carreggiata a doppio senso;Asciutto;Asfaltata;Verticale ed orizzontale;Sereno;Normale;Insufficiente;Inesistente;1;0;0;4;12,44577;41,82709;-1;2;Autovettura privata;In marcia / fermata / arresto;Conducente;F;Rimandato;0;NON DECEDUTO;Utilizzato;
3308845;12;15/05/2017 19:00;Provinciale;VIA DEL MARE;in corrispondenza;;della chilometrica;7.6;;Tamponamento Multiplo;Rettilineo;Una carreggiata a doppio senso;Asciutto;Asfaltata;Verticale ed orizzontale;Sereno;Normale;Insufficiente;Inesistente;1;0;0;4;12,44577;41,82709;-1;2;Autovettura privata;In marcia / fermata / arresto;Passeggero;F;Illeso;0;;Utilizzato;
3308845;12;15/05/2017 19:00;Provinciale;VIA DEL MARE;in corrispondenza;;della chilometrica;7.6;;Tamponamento Multiplo;Rettilineo;Una carreggiata a doppio senso;Asciutto;Asfaltata;Verticale ed orizzontale;Sereno;Normale;Insufficiente;Inesistente;1;0;0;4;12,44577;41,82709;-1;2;Autovettura privata;In marcia / fermata / arresto;Passeggero;M;Illeso;0;;Utilizzato;
3308845;12;15/05/2017 19:00;Provinciale;VIA DEL MARE;in corrispondenza;;della chilometrica;7.6;;Tamponamento Multiplo;Rettilineo;Una carreggiata a doppio senso;Asciutto;Asfaltata;Verticale ed orizzontale;Sereno;Normale;Insufficiente;Inesistente;1;0;0;4;12,44577;41,82709;-1;3;Autovettura privata;In marcia / fermata / arresto;Conducente;M;Illeso;0;;Utilizzato;
3308926;20;17/05/2017 11:10;Strada Urbana;VIA DEL FORO ITALICO;da specificare;;;;dir Salarta corr rampa per c.so Francia;Ribaltamento senza urto contro ostacolo fisso;Rettilineo;Due carreggiate;Asciutto;Asfaltata;Verticale ed orizzontale;Sereno;Intenso;Buona;Ore Diurne;1;0;0;0;12,47105;41,94112;-1;1;Motociclo a solo;In marcia / fermata / arresto;Conducente;M;Rimandato;0;NON DECEDUTO;Non accertato;
3308947;12;15/05/2017 09:00;Strada Urbana;VIA DEL FOSSO DEL TORRINO;all'intersezione con;VIA DI MOSTACCIANO;VIA DI MOSTACCIANO;;;Scontro laterale fra veicoli in marcia;Incrocio;Una carreggiata a doppio senso;Asciutto;Asfaltata;Verticale ed orizzontale;Sereno;Normale;Buona;Ore Diurne;0;0;0;3;12,43415;41,81573;-1;1;Autovettura privata;In marcia / fermata / arresto;Conducente;M;Illeso;0;;Non accertato;Inesploso
3308947;12;15/05/2017 09:00;Strada Urbana;VIA DEL FOSSO DEL TORRINO;all'intersezione con;VIA DI MOSTACCIANO;VIA DI MOSTACCIANO;;;Scontro laterale fra veicoli in marcia;Incrocio;Una carreggiata a doppio senso;Asciutto;Asfaltata;Verticale ed orizzontale;Sereno;Normale;Buona;Ore Diurne;0;0;0;3;12,43415;41,81573;-1;1;Autovettura privata;In marcia / fermata / arresto;Passeggero;M;Illeso;0;;Non accertato;Inesploso
3308947;12;15/05/2017 09:00;Strada Urbana;VIA DEL FOSSO DEL TORRINO;all'intersezione con;VIA DI MOSTACCIANO;VIA DI MOSTACCIANO;;;Scontro laterale fra veicoli in marcia;Incrocio;Una carreggiata a doppio senso;Asciutto;Asfaltata;Verticale ed orizzontale;Sereno;Normale;Buona;Ore Diurne;0;0;0;3;12,43415;41,81573;-1;2;Autovettura privata;In marcia / fermata / arresto;Conducente;F;Illeso;0;;;
3308959;12;16/05/2017 11:47;Strada Urbana;VIALE SS. PIETRO E PAOLO;in corrispondenza;;del civico n.;40;;Scontro laterale fra veicoli in marcia;Rettilineo;Una carreggiata a doppio senso;Asciutto;Asfaltata;Verticale ed orizzontale;Sereno;Normale;Buona;Ore Diurne;1;0;0;2;12,45876;41,83143;-1;1;Autovettura privata;In marcia / fermata / arresto;Conducente;F;Rimandato;0;NON DECEDUTO;Utilizzato;Inesploso
3308959;12;16/05/2017 11:47;Strada Urbana;VIALE SS. PIETRO E PAOLO;in corrispondenza;;del civico n.;40;;Scontro laterale fra veicoli in marcia;Rettilineo;Una carreggiata a doppio senso;Asciutto;Asfaltata;Verticale ed orizzontale;Sereno;Normale;Buona;Ore Diurne;1;0;0;2;12,45876;41,83143;-1;1;Autovettura privata;In marcia / fermata / arresto;Passeggero;M;Illeso;0;;;
3308959;12;16/05/2017 11:47;Strada Urbana;VIALE SS. PIETRO E PAOLO;in corrispondenza;;del civico n.;40;;Scontro laterale fra veicoli in marcia;Rettilineo;Una carreggiata a doppio senso;Asciutto;Asfaltata;Verticale ed orizzontale;Sereno;Normale;Buona;Ore Diurne;1;0;0;2;12,45876;41,83143;-1;2;Autovettura privata;In marcia / fermata / arresto;Conducente;M;Illeso;0;;Utilizzato;Inesploso
3308961;23;16/05/2017 10:28;Strada Urbana;CORSO VITTORIO EMANUELE II;in corrispondenza;;del civico n.;158;;Veicolo in marcia contro veicolo fermo;Rettilineo;Una carreggiata a doppio senso;Asciutto;Asfaltata;Verticale ed orizzontale;Sereno;Normale;Buona;Ore Diurne;1;0;0;1;12,47321;41,89661;-1;1;Velocipede;In marcia / fermata / arresto;Conducente;M;Rimandato;0;NON DECEDUTO;Esente;
3308961;23;16/05/2017 10:28;Strada Urbana;CORSO VITTORIO EMANUELE II;in corrispondenza;;del civico n.;158;;Veicolo in marcia contro veicolo fermo;Rettilineo;Una carreggiata a doppio senso;Asciutto;Asfaltata;Verticale ed orizzontale;Sereno;Normale;Buona;Ore Diurne;1;0;0;1;12,47321;41,89661;-1;2;Autovettura privata;In marcia / fermata / arresto;Conducente;M;Illeso;0;;Non accertato;Inesploso
3309025;16;16/05/2017 17:00;Strada Urbana;CIRCONVALLAZIONE GIANICOLENSE;all'intersezione semaforizzata con;VIA OTTAVIO GASPARRI;VIA OTTAVIO GASPARRI;;;Tamponamento;Intersezione semaforizzata;Più di due carreggiate;Asciutto;Asfaltata;Verticale ed orizzontale;Sereno;Normale;Buona;Ore Diurne;0;0;0;3;12,44265;41,87733;-1;1;Autovettura privata;In marcia / fermata / arresto;Conducente;M;Illeso;0;;Non accertato;Inesploso
3309025;16;16/05/2017 17:00;Strada Urbana;CIRCONVALLAZIONE GIANICOLENSE;all'intersezione semaforizzata con;VIA OTTAVIO GASPARRI;VIA OTTAVIO GASPARRI;;;Tamponamento;Intersezione semaforizzata;Più di due carreggiate;Asciutto;Asfaltata;Verticale ed orizzontale;Sereno;Normale;Buona;Ore Diurne;0;0;0;3;12,44265;41,87733;-1;1;Autovettura privata;In marcia / fermata / arresto;Passeggero;F;Illeso;0;;Non accertato;Inesploso
3309025;16;16/05/2017 17:00;Strada Urbana;CIRCONVALLAZIONE GIANICOLENSE;all'intersezione semaforizzata con;VIA OTTAVIO GASPARRI;VIA OTTAVIO GASPARRI;;;Tamponamento;Intersezione semaforizzata;Più di due carreggiate;Asciutto;Asfaltata;Verticale ed orizzontale;Sereno;Normale;Buona;Ore Diurne;0;0;0;3;12,44265;41,87733;-1;2;Autovettura privata;In marcia / fermata / arresto;Conducente;M;Illeso;0;;Non accertato;Inesploso
3309081;15;17/05/2017 12:10;Strada Urbana;VIA DI MONTE CUCCO;all'intersezione con;VIA GIOVANNI PORZIO;VIA GIOVANNI PORZIO;;;Scontro laterale fra veicoli in marcia;Incrocio;Una carreggiata a doppio senso;Asciutto;Asfaltata;Verticale ed orizzontale;Sereno;Scarso;Buona;Ore Diurne;0;0;0;2;12,43905;41,84341;-1;1;Autovettura privata;In marcia / fermata / arresto;Conducente;M;Illeso;0;;Non accertato;Inesploso
3309081;15;17/05/2017 12:10;Strada Urbana;VIA DI MONTE CUCCO;all'intersezione con;VIA GIOVANNI PORZIO;VIA GIOVANNI PORZIO;;;Scontro laterale fra veicoli in marcia;Incrocio;Una carreggiata a doppio senso;Asciutto;Asfaltata;Verticale ed orizzontale;Sereno;Scarso;Buona;Ore Diurne;0;0;0;2;12,43905;41,84341;-1;2;Motociclo a solo;In marcia / fermata / arresto;Conducente;M;Illeso;0;;Non accertato;
3309086;16;16/05/2017 14:30;Strada Urbana;PIAZZA CARLO ALBERTO SCOTTI;all'intersezione con;VIA DI VAL TELLINA;VIA DI VAL TELLINA;;;Scontro laterale fra veicoli in marcia;Intersezione stradale segnalata;Una carreggiata a doppio senso;Asciutto;Asfaltata;Verticale ed orizzontale;Nebbia;Intenso;Buona;Ore Diurne;1;0;0;0;12,44589;41,86976;-1;1;Autovettura privata;In marcia / fermata / arresto;Conducente;F;Rimandato;0;NON DECEDUTO;Non accertato;
3309098;12;15/05/2017 11:10;Strada Urbana;VIA NAIROBI;da specificare;;;;alt. fermata bus S. Eugenio (dir. Via dell'Arte);Scontro frontale/laterale SX fra veicoli in marcia;Pendenza;Una carreggiata a doppio senso;Asciutto;Asfaltata;Verticale ed orizzontale;Sereno;Normale;Buona;Ore Diurne;0;0;0;3;12,47334;41,82397;-1;1;Autovettura privata;In marcia / fermata / arresto;Conducente;M;Illeso;0;;Non accertato;Inesploso
3309098;12;15/05/2017 11:10;Strada Urbana;VIA NAIROBI;da specificare;;;;alt. fermata bus S. Eugenio (dir. Via dell'Arte);Scontro frontale/laterale SX fra veicoli in marcia;Pendenza;Una carreggiata a doppio senso;Asciutto;Asfaltata;Verticale ed orizzontale;Sereno;Normale;Buona;Ore Diurne;0;0;0;3;12,47334;41,82397;-1;1;Autovettura privata;In marcia / fermata / arresto;Passeggero;M;Illeso;0;;Non accertato;Inesploso
3309098;12;15/05/2017 11:10;Strada Urbana;VIA NAIROBI;da specificare;;;;alt. fermata bus S. Eugenio (dir. Via dell'Arte);Scontro frontale/laterale SX fra veicoli in marcia;Pendenza;Una carreggiata a doppio senso;Asciutto;Asfaltata;Verticale ed orizzontale;Sereno;Normale;Buona;Ore Diurne;0;0;0;3;12,47334;41,82397;-1;2;Autobus di linea;In marcia / fermata / arresto;Conducente;M;Illeso;0;;Non accertato;Inesploso
3309140;18;17/05/2017 12:10;Strada Urbana;PIAZZALE GREGORIO VII;da specificare;;;;PROSSIMITA' SERGIO I;Investimento di pedone;Rettilineo;Una carreggiata a senso unico di marcia;Asciutto;Asfaltata;Verticale ed orizzontale;Sereno;Intenso;Buona;Ore Diurne;1;0;0;1;12,45103;41,89836;-1;;;;Pedone;M;Ricoverato;0;NON DECEDUTO;;
3309140;18;17/05/2017 12:10;Strada Urbana;PIAZZALE GREGORIO VII;da specificare;;;;PROSSIMITA' SERGIO I;Investimento di pedone;Rettilineo;Una carreggiata a senso unico di marcia;Asciutto;Asfaltata;Verticale ed orizzontale;Sereno;Intenso;Buona;Ore Diurne;1;0;0;1;12,45103;41,89836;-1;1;Autovettura privata;In marcia / fermata / arresto;Conducente;M;Illeso;0;;Non accertato;Inesploso
3309250;16;16/05/2017 20:20;Strada Urbana;PIAZZA BIAGIO PACE;in corrispondenza;;del civico n.;1;;Scontro laterale fra veicoli in marcia;Rettilineo;Una carreggiata a doppio senso;Asciutto;Asfaltata;Verticale ed orizzontale;Sereno;Normale;Buona;Sufficiente;0;0;0;2;12,43055;41,87722;-1;1;Autovettura privata;In marcia / fermata / arresto;Conducente;M;Illeso;0;;Non accertato;Inesploso
3309250;16;16/05/2017 20:20;Strada Urbana;PIAZZA BIAGIO PACE;in corrispondenza;;del civico n.;1;;Scontro laterale fra veicoli in marcia;Rettilineo;Una carreggiata a doppio senso;Asciutto;Asfaltata;Verticale ed orizzontale;Sereno;Normale;Buona;Sufficiente;0;0;0;2;12,43055;41,87722;-1;2;Autovettura privata;In marcia / fermata / arresto;Conducente;F;Illeso;0;;Non accertato;Inesploso