Protocollo;Gruppo;DataOraIncidente;Localizzazione1;STRADA1;Localizzazione2;STRADA2;Strada02;Chilometrica;DaSpecificare;NaturaIncidente;particolaritastrade;TipoStrada;FondoStradale;Pavimentazione;Segnaletica;CondizioneAtmosferica;Traffico;Visibilita;Illuminazione;NUM_FERITI;NUM_RISERVATA;NUM_MORTI;NUM_ILLESI;Longitudine;Latitudine;Confermato;Progressivo;TipoVeicolo;StatoVeicolo;TipoPersona;Sesso;Tipolesione;Deceduto;DecedutoDopo;CinturaCascoUtilizzato;Airbag
3310325;13;17/05/2017 10:50;Strada Urbana;PIAZZA CESARIO CONSOLE;all'intersezione con;PIAZZALE MAGELLANO;PIAZZALE MAGELLANO;;;Scontro laterale fra veicoli in marcia;Incrocio;Due carreggiate;Asciutto;Asfaltata;Verticale ed orizzontale;Sereno;Normale;Buona;Ore Diurne;0;0;0;2;12,28571;41,72738;-1;1;Autovettura privata;In marcia / fermata / arresto;Conducente;F;Illeso;0;;Non accertato;Inesploso
3310325;13;17/05/2017 10:50;Strada Urbana;PIAZZA CESARIO CONSOLE;all'intersezione con;PIAZZALE MAGELLANO;PIAZZALE MAGELLANO;;;Scontro laterale fra veicoli in marcia;Incrocio;Due carreggiate;Asciutto;Asfaltata;Verticale ed orizzontale;Sereno;Normale;Buona;Ore Diurne;0;0;0;2;12,28571;41,72738;-1;3;Autovettura privata;In marcia / fermata / arresto;Conducente;F;Illeso;0;;Non accertato;Inesploso
3310328;20;17/05/2017 16:45;Strada Urbana;VIA DELLA FARNESINA;in prossimità;;del civico n.;3;;Infortunio per sola frenata improvvisa;Curva a visuale libera;Una carreggiata a doppio senso;Asciutto;Asfaltata;Orizzontale;Sereno;Normale;Buona;Ore Diurne;0;0;0;3;12,46543;41,93807;-1;1;Autovettura privata;In marcia / fermata / arresto;Conducente;F;Illeso;0;;;
3310328;20;17/05/2017 16:45;Strada Urbana;VIA DELLA FARNESINA;in prossimità;;del civico n.;3;;Infortunio per sola frenata improvvisa;Curva a visuale libera;Una carreggiata a doppio senso;Asciutto;Asfaltata;Orizzontale;Sereno;Normale;Buona;Ore Diurne;0;0;0;3;12,46543;41,93807;-1;1;Autovettura privata;In marcia / fermata / arresto;Passeggero;M;Illeso;0;;Non accertato;Inesploso
3310328;20;17/05/2017 16:45;Strada Urbana;VIA DELLA FARNESINA;in prossimità;;del civico n.;3;;Infortunio per sola frenata improvvisa;Curva a visuale libera;Una carreggiata a doppio senso;Asciutto;Asfaltata;Orizzontale;Sereno;Normale;Buona;Ore Diurne;0;0;0;3;12,46543;41,93807;-1;2;Motociclo a solo;In marcia / fermata / arresto;Conducente;F;Illeso;0;;Non accertato;
3310335;20;17/05/2017 18:10;Regionale;VIADOTTO GIUBILEO DEL 2000;da specificare;;;;DIREZIONE GRA;Ribaltamento senza urto contro ostacolo fisso;Curva a visuale libera;Due carreggiate;Asciutto;Asfaltata;Orizzontale;Sereno;Normale;Buona;Ore Diurne;0;0;0;3;12,49539;41,98901;-1;1;Autovettura pubblica;In marcia / fermata / arresto;Conducente;M;Illeso;0;;Non accertato;Inesploso
3310335;20;17/05/2017 18:10;Regionale;VIADOTTO GIUBILEO DEL 2000;da specificare;;;;DIREZIONE GRA;Ribaltamento senza urto contro ostacolo fisso;Curva a visuale libera;Due carreggiate;Asciutto;Asfaltata;Orizzontale;Sereno;Normale;Buona;Ore Diurne;0;0;0;3;12,49539;41,98901;-1;2;Autovettura privata;In marcia / fermata / arresto;Conducente;M;Illeso;0;;Non accertato;Inesploso
3310335;20;17/05/2017 18:10;Regionale;VIADOTTO GIUBILEO DEL 2000;da specificare;;;;DIREZIONE GRA;Ribaltamento senza urto contro ostacolo fisso;Curva a visuale libera;Due carreggiate;Asciutto;Asfaltata;Orizzontale;Sereno;Normale;Buona;Ore Diurne;0;0;0;3;12,49539;41,98901;-1;2;Autovettura privata;In marcia / fermata / arresto;Passeggero;M;Illeso;0;;Non accertato;
3310337;4;17/05/2017 07:10;Provinciale entro l'abitato;VIA NOMENTANA;in corrispondenza;;del civico n.;899;;Tamponamento;Rettilineo;Una carreggiata a doppio senso;Asciutto;Asfaltata;Orizzontale;Sereno;Intenso;Buona;Ore Diurne;2;0;0;0;12,55574;41,94248;-1;1;Autovettura privata;In marcia / fermata / arresto;Conducente;M;Rimandato;0;NON DECEDUTO;Non accertato;Inesploso
3310337;4;17/05/2017 07:10;Provinciale entro l'abitato;VIA NOMENTANA;in corrispondenza;;del civico n.;899;;Tamponamento;Rettilineo;Una carreggiata a doppio senso;Asciutto;Asfaltata;Orizzontale;Sereno;Intenso;Buona;Ore Diurne;2;0;0;0;12,55574;41,94248;-1;2;Autovettura privata;In marcia / fermata / arresto;Conducente;F;Rimandato;0;NON DECEDUTO;Non accertato;Inesploso
3310348;1;17/05/2017 10:16;Strada Urbana;VIA PRINCIPE AMEDEO;in prossimità;;del civico n.;217;;Investimento di pedone;Rettilineo;Una carreggiata a senso unico di marcia;Asciutto;Asfaltata;Verticale ed orizzontale;Sereno;Normale;Buona;Ore Diurne;1;0;0;1;12,505;41,89583;-1;;;;Pedone;F;Rimandato;0;NON DECEDUTO;;
3310348;1;17/05/2017 10:16;Strada Urbana;VIA PRINCIPE AMEDEO;in prossimità;;del civico n.;217;;Investimento di pedone;Rettilineo;Una carreggiata a senso unico di marcia;Asciutto;Asfaltata;Verticale ed orizzontale;Sereno;Normale;Buona;Ore Diurne;1;0;0;1;12,505;41,89583;-1;1;Autovettura privata;In marcia / fermata / arresto;Conducente;M;Illeso;0;;;
3310379;4;17/05/2017 12:05;Strada Urbana;VIA DELLA BUFALOTTA;in prossimità;;del civico n.;127;;Scontro laterale fra veicoli in marcia;Rettilineo;Due carreggiate;Asciutto;Asfaltata;Verticale ed orizzontale;Sereno;Scarso;Buona;Ore Diurne;1;0;0;1;12,54082;41,94909;-1;1;Autocarro inferiore 35 q.;In marcia / fermata / arresto;Conducente;M;Illeso;0;;;
3310379;4;17/05/2017 12:05;Strada Urbana;VIA DELLA BUFALOTTA;in prossimità;;del civico n.;127;;Scontro laterale fra veicoli in marcia;Rettilineo;Due carreggiate;Asciutto;Asfaltata;Verticale ed orizzontale;Sereno;Scarso;Buona;Ore Diurne;1;0;0;1;12,54082;41,94909;-1;2;Motociclo a solo;In marcia / fermata / arresto;Conducente;M;Rimandato;0;NON DECEDUTO;;
3310388;13;17/05/2017 13:10;Strada Urbana;VIALE GORGIA DI LEONTINI;da specificare;;;;altezza via di Casal Palocco;Tamponamento;Curva a visuale libera;Due carreggiate;Asciutto;Asfaltata;Assente;Sereno;Normale;Buona;Ore Diurne;1;0;0;1;12,35937;41,75099;-1;1;Autovettura privata;In marcia / fermata / arresto;Conducente;M;Illeso;0;;Non accertato;Inesploso
3310388;13;17/05/2017 13:10;Strada Urbana;VIALE GORGIA DI LEONTINI;da specificare;;;;altezza via di Casal Palocco;Tamponamento;Curva a visuale libera;Due carreggiate;Asciutto;Asfaltata;Assente;Sereno;Normale;Buona;Ore Diurne;1;0;0;1;12,35937;41,75099;-1;2;Autovettura privata;In marcia / fermata / arresto;Conducente;M;Rimandato;0;NON DECEDUTO;Non accertato;
3310402;1;17/05/2017 15:06;Strada Urbana;VIALE DI TRASTEVERE;all'intersezione semaforizzata con;PIAZZA SIDNEY SONNINO;PIAZZA SIDNEY SONNINO;;;Infortunio per sola frenata improvvisa;Intersezione semaforizzata;Una carreggiata a doppio senso;Asciutto;Asfaltata;Verticale ed orizzontale;Nuvoloso;Normale;Buona;Ore Diurne;1;0;0;0;12,46794;41,8817;-1;1;Motociclo a solo;In marcia / fermata / arresto;Conducente;M;Rimandato;0;NON DECEDUTO;Non accertato;
3310405;13;17/05/2017 11:10;Regionale entro l'abitato;VIA ADOLFO COZZA;in prossimità;;del civico n.;7;;Veicolo in marcia contro veicolo in sosta;Rettilineo;Una carreggiata a doppio senso;Asciutto;Asfaltata;Verticale;Sereno;Normale;Buona;Ore Diurne;0;0;0;3;12,27081;41,7321;-1;2;Autovettura privata;In marcia / fermata / arresto;Conducente;M;Illeso;0;;Non accertato;Inesploso
3310405;13;17/05/2017 11:10;Regionale entro l'abitato;VIA ADOLFO COZZA;in prossimità;;del civico n.;7;;Veicolo in marcia contro veicolo in sosta;Rettilineo;Una carreggiata a doppio senso;Asciutto;Asfaltata;Verticale;Sereno;Normale;Buona;Ore Diurne;0;0;0;3;12,27081;41,7321;-1;2;Autovettura privata;In marcia / fermata / arresto;Passeggero;M;Illeso;0;;Non accertato;Inesploso
3310405;13;17/05/2017 11:10;Regionale entro l'abitato;VIA ADOLFO COZZA;in prossimità;;del civico n.;7;;Veicolo in marcia contro veicolo in sosta;Rettilineo;Una carreggiata a doppio senso;Asciutto;Asfaltata;Verticale;Sereno;Normale;Buona;Ore Diurne;0;0;0;3;12,27081;41,7321;-1;2;Autovettura privata;In marcia / fermata / arresto;Passeggero;F;Illeso;0;;Non accertato;Inesploso
3310421;6;18/05/2017 08:35;Provinciale entro l'abitato;LARGO TELESE;in corrispondenza;;del civico n.;21;;Veicolo in marcia contro veicolo fermo;Rettilineo;Più di due carreggiate;Asciutto;Asfaltata;Orizzontale;Sereno;Normale;Buona;Ore Diurne;0;0;0;3;12,5471;41,89316;-1;1;Autovettura di polizia;In marcia / fermata / arresto;Conducente;M;Illeso;0;;Non accertato;Inesploso
3310421;6;18/05/2017 08:35;Provinciale entro l'abitato;LARGO TELESE;in corrispondenza;;del civico n.;21;;Veicolo in marcia contro veicolo fermo;Rettilineo;Più di due carreggiate;Asciutto;Asfaltata;Orizzontale;Sereno;Normale;Buona;Ore Diurne;0;0;0;3;12,5471;41,89316;-1;1;Autovettura di polizia;In marcia / fermata / arresto;Passeggero;M;Illeso;0;;Non accertato;Inesploso
3310421;6;18/05/2017 08:35;Provinciale entro l'abitato;LARGO TELESE;in corrispondenza;;del civico n.;21;;Veicolo in marcia contro veicolo fermo;Rettilineo;Più di due carreggiate;Asciutto;Asfaltata;Orizzontale;Sereno;Normale;Buona;Ore Diurne;0;0;0;3;12,5471;41,89316;-1;2;Autovettura privata;In marcia / fermata / arresto;Conducente;F;Illeso;0;;Non accertato;Inesploso
3310422;4;17/05/2017 13:00;Strada Urbana;VIA UGO OJETTI;da specificare;;;;"Pross. rotatoria ""ELITE""";Tamponamento;Rettilineo;Due carreggiate;Asciutto;Asfaltata;Verticale ed orizzontale;Sereno;Scarso;Buona;Ore Diurne;0;0;0;2;12,55481;41,94735;-1;1;Autovettura privata;In marcia / fermata / arresto;Conducente;M;Illeso;0;;Non accertato;Inesploso
3310422;4;17/05/2017 13:00;Strada Urbana;VIA UGO OJETTI;da specificare;;;;"Pross. rotatoria ""ELITE""";Tamponamento;Rettilineo;Due carreggiate;Asciutto;Asfaltata;Verticale ed orizzontale;Sereno;Scarso;Buona;Ore Diurne;0;0;0;2;12,55481;41,94735;-1;2;Autovettura privata;In marcia / fermata / arresto;Conducente;M;Illeso;0;;Non accertato;Inesploso
3310444;13;17/05/2017 07:50;Strada Urbana;VIALE DEI ROMAGNOLI;da specificare;;;;prossimità via della Verbena;Scontro laterale fra veicoli in marcia;Rettilineo;Una carreggiata a senso unico di marcia;Asciutto;Asfaltata;Verticale;Sereno;Intenso;Buona;Ore Diurne;1;0;0;1;12,36264;41,78496;-1;1;Autovettura privata;In marcia / fermata / arresto;Conducente;F;Illeso;0;;Non accertato;Inesploso
3310444;13;17/05/2017 07:50;Strada Urbana;VIALE DEI ROMAGNOLI;da specificare;;;;prossimità via della Verbena;Scontro laterale fra veicoli in marcia;Rettilineo;Una carreggiata a senso unico di marcia;Asciutto;Asfaltata;Verticale;Sereno;Intenso;Buona;Ore Diurne;1;0;0;1;12,36264;41,78496;-1;2;Motociclo a solo;In marcia / fermata / arresto;Conducente;M;Rimandato;0;NON DECEDUTO;Non accertato;
3310460;17;17/05/2017 08:10;Strada Urbana;VIA CANDIA;all'intersezione con;VIA SANTAMAURA;VIA SANTAMAURA;;;Scontro frontale/laterale DX fra veicoli in marcia;Incrocio;Una carreggiata a senso unico di marcia;Asciutto;Asfaltata;Verticale ed orizzontale;Sereno;Intenso;Buona;Ore Diurne;0;0;0;2;12,45379;41,90838;-1;1;Motociclo a solo;In marcia / fermata / arresto;Conducente;M;Illeso;0;;Non accertato;
3310460;17;17/05/2017 08:10;Strada Urbana;VIA CANDIA;all'intersezione con;VIA SANTAMAURA;VIA SANTAMAURA;;;Scontro frontale/laterale DX fra veicoli in marcia;Incrocio;Una carreggiata a senso unico di marcia;Asciutto;Asfaltata;Verticale ed orizzontale;Sereno;Intenso;Buona;Ore Diurne;0;0;0;2;12,45379;41,90838;-1;2;Autovettura privata;In marcia / fermata / arresto;Conducente;M;Illeso;0;;Non accertato;Inesploso
3310462;20;17/05/2017 08:45;Strada Urbana;VIA DEL FORO ITALICO;da specificare;;;;altezza galleria Fleming dir. P. Sacchetti;Tamponamento Multiplo;Galleria illuminata;Due carreggiate;Asciutto;Asfaltata;Verticale ed orizzontale;Sereno;Intenso;Buona;Ore Diurne;3;0;0;2;12,48375;41,93991;-1;1;Autovettura privata;In marcia / fermata / arresto;Conducente;M;Illeso;0;;;
3310462;20;17/05/2017 08:45;Strada Urbana;VIA DEL FORO ITALICO;da specificare;;;;altezza galleria Fleming dir. P. Sacchetti;Tamponamento Multiplo;Galleria illuminata;Due carreggiate;Asciutto;Asfaltata;Verticale ed orizzontale;Sereno;Intenso;Buona;Ore Diurne;3;0;0;2;12,48375;41,93991;-1;2;Autovettura privata;In marcia / fermata / arresto;Conducente;F;Illeso;0;;Non accertato;
3310462;20;17/05/2017 08:45;Strada Urbana;VIA DEL FORO ITALICO;da specificare;;;;altezza galleria Fleming dir. P. Sacchetti;Tamponamento Multiplo;Galleria illuminata;Due carreggiate;Asciutto;Asfaltata;Verticale ed orizzontale;Sereno;Intenso;Buona;Ore Diurne;3;0;0;2;12,48375;41,93991;-1;3;Autovettura privata;In marcia / fermata / arresto;Conducente;F;Rifiuta cure immediate;0;NON DECEDUTO;Non accertato;
3310462;20;17/05/2017 08:45;Strada Urbana;VIA DEL FORO ITALICO;da specificare;;;;altezza galleria Fleming dir. P. Sacchetti;Tamponamento Multiplo;Galleria illuminata;Due carreggiate;Asciutto;Asfaltata;Verticale ed orizzontale;Sereno;Intenso;Buona;Ore Diurne;3;0;0;2;12,48375;41,93991;-1;4;Autovettura privata;In marcia / fermata / arresto;Conducente;M;Rimandato;0;NON DECEDUTO;Non accertato;
3310462;20;17/05/2017 08:45;Strada Urbana;VIA DEL FORO ITALICO;da specificare;;;;altezza galleria Fleming dir. P. Sacchetti;Tamponamento Multiplo;Galleria illuminata;Due carreggiate;Asciutto;Asfaltata;Verticale ed orizzontale;Sereno;Intenso;Buona;Ore Diurne;3;0;0;2;12,48375;41,93991;-1;5;Autovettura privata;In marcia / fermata / arresto;Conducente;F;Rimandato;0;NON DECEDUTO;Non accertato;
3310486;13;17/05/2017 17:55;Strada Urbana;VIA DI DRAGONE;all'intersezione con;VIA GIUSEPPE CAMELLI;VIA GIUSEPPE CAMELLI;;;Scontro laterale fra veicoli in marcia;Incrocio;Una carreggiata a doppio senso;Asciutto;Asfaltata;Verticale ed orizzontale;Sereno;Normale;Buona;Ore Diurne;0;0;0;3;12,33234;41,78325;-1;1;Autocarro inferiore 35 q.;In marcia / fermata / arresto;Conducente;M;Illeso;0;;;
3310486;13;17/05/2017 17:55;Strada Urbana;VIA DI DRAGONE;all'intersezione con;VIA GIUSEPPE CAMELLI;VIA GIUSEPPE CAMELLI;;;Scontro laterale fra veicoli in marcia;Incrocio;Una carreggiata a doppio senso;Asciutto;Asfaltata;Verticale ed orizzontale;Sereno;Normale;Buona;Ore Diurne;0;0;0;3;12,33234;41,78325;-1;2;Autovettura privata;In marcia / fermata / arresto;Conducente;M;Illeso;0;;Non accertato;Inesploso
3310486;13;17/05/2017 17:55;Strada Urbana;VIA DI DRAGONE;all'intersezione con;VIA GIUSEPPE CAMELLI;VIA GIUSEPPE CAMELLI;;;Scontro laterale fra veicoli in marcia;Incrocio;Una carreggiata a doppio senso;Asciutto;Asfaltata;Verticale ed orizzontale;Sereno;Normale;Buona;Ore Diurne;0;0;0;3;12,33234;41,78325;-1;2;Autovettura privata;In marcia / fermata / arresto;Passeggero;F;Illeso;0;;Non accertato;Inesploso
3310487;1;17/05/2017 16:30;Strada Urbana;VIALE TRENTA APRILE;in prossimità;;del civico n.;3;;Infortunio per sola frenata improvvisa;Curva senza visuale libera;Una carreggiata a senso unico di marcia;Asciutto;Asfaltata;Orizzontale;Sereno;Normale;Buona;Ore Diurne;1;0;0;0;12,46336;41,88571;-1;1;Motociclo a solo;In marcia / fermata / arresto;Conducente;F;Rimandato;0;NON DECEDUTO;;
3310507;12;17/05/2017 11:25;Strada Urbana;VIA PONTINA;da specificare;;;;carreggiata laterale altezza civ 595;Investimento di pedone;Rettilineo;Più di due carreggiate;Asciutto;Asfaltata;Verticale ed orizzontale;Sereno;Scarso;Buona;Ore Diurne;1;0;0;1;12,79855;41,5088;-1;;;;Pedone;M;Rimandato;0;NON DECEDUTO;;
3310507;12;17/05/2017 11:25;Strada Urbana;VIA PONTINA;da specificare;;;;carreggiata laterale altezza civ 595;Investimento di pedone;Rettilineo;Più di due carreggiate;Asciutto;Asfaltata;Verticale ed orizzontale;Sereno;Scarso;Buona;Ore Diurne;1;0;0;1;12,79855;41,5088;-1;1;Autocarro inferiore 35 q.;In marcia / fermata / arresto;Conducente;M;Illeso;0;;;
3310524;6;18/05/2017 08:45;Provinciale entro l'abitato;VIA PRENESTINA;in corrispondenza;;del civico n.;234a;;Investimento di pedone;Rettilineo;Più di due carreggiate;Asciutto;Asfaltata;Orizzontale;Sereno;Intenso;Sufficiente;Ore Diurne;1;1;0;0;12,53964;41,89229;-1;;;;Pedone;F;Prognosi riservata;0;NON DECEDUTO;;
3310524;6;18/05/2017 08:45;Provinciale entro l'abitato;VIA PRENESTINA;in corrispondenza;;del civico n.;234a;;Investimento di pedone;Rettilineo;Più di due carreggiate;Asciutto;Asfaltata;Orizzontale;Sereno;Intenso;Sufficiente;Ore Diurne;1;1;0;0;12,53964;41,89229;-1;1;Motociclo a solo;In marcia / fermata / arresto;Conducente;F;Rimandato;0;NON DECEDUTO;Non accertato;
3310526;1;17/05/2017 19:00;Strada Urbana;PIAZZA VITTORIO EMANUELE II;in prossimità;;del civico n.;60;;Investimento di pedone;Curva a visuale libera;Una carreggiata a doppio senso;Asciutto;Asfaltata;Verticale ed orizzontale;Sereno;Normale;Buona;Ore Diurne;1;0;0;1;12,50607;41,89451;-1;;;;Pedone;F;Ricoverato;0;NON DECEDUTO;;
3310526;1;17/05/2017 19:00;Strada Urbana;PIAZZA VITTORIO EMANUELE II;in prossimità;;del civico n.;60;;Investimento di pedone;Curva a visuale libera;Una carreggiata a doppio senso;Asciutto;Asfaltata;Verticale ed orizzontale;Sereno;Normale;Buona;Ore Diurne;1;0;0;1;12,50607;41,89451;-1;1;Autovettura privata;In marcia / fermata / arresto;Conducente;M;Illeso;0;;Utilizzato;Inesploso
3310530;3;16/05/2017 09:15;Strada Urbana;VIA DEI LUCERI;da specificare;;;;pross.tà Via dei Tizi;Veicolo in marcia contro ostacolo accidentale;Rettilineo;Una carreggiata a senso unico di marcia;Asciutto;Asfaltata;Verticale ed orizzontale;Sereno;Scarso;Buona;Ore Diurne;0;0;0;1;12,51265;41,89923;-1;1;Motociclo a solo;In marcia / fermata / arresto;Conducente;M;Illeso;0;;Non accertato;
3310553;3;14/05/2017 09:00;Strada Urbana;CIRCONVALLAZIONE NOMENTANA;da specificare;;;;fronte civ. 35;Veicolo in marcia contro ostacolo accidentale;Rettilineo;Due carreggiate;Asciutto;Asfaltata;Assente;Sereno;Scarso;Buona;Ore Diurne;0;0;0;1;12,52624;41,92292;-1;1;Autovettura privata;In marcia / fermata / arresto;Conducente;M;Illeso;0;;Non accertato;Inesploso
3310555;23;17/05/2017 09:40;Comunale extraurbana;VIA CRISTOFORO COLOMBO;in prossimità;;della chilometrica;21.1;;Scontro laterale fra veicoli in marcia;Rettilineo;Più di due carreggiate;Asciutto;Asfaltata;Verticale ed orizzontale;Sereno;Intenso;Buona;Ore Diurne;1;0;0;1;12,35027;41,73834;-1;1;Autovettura privata;In marcia / fermata / arresto;Conducente;F;Illeso;0;;Non accertato;Inesploso
3310555;23;17/05/2017 09:40;Comunale extraurbana;VIA CRISTOFORO COLOMBO;in prossimità;;della chilometrica;21.1;;Scontro laterale fra veicoli in marcia;Rettilineo;Più di due carreggiate;Asciutto;Asfaltata;Verticale ed orizzontale;Sereno;Intenso;Buona;Ore Diurne;1;0;0;1;12,35027;41,73834;-1;2;Motociclo con passeggero;In marcia / fermata / arresto;Conducente;M;Rimandato;0;NON DECEDUTO;Non accertato;
3310560;3;17/05/2017 11:15;Strada Urbana;VIA TIBURTINA;all'intersezione semaforizzata con;VIA DEI MARRUCINI;VIA DEI MARRUCINI;;;Investimento di pedone;Intersezione semaforizzata;Una carreggiata a doppio senso;Asciutto;Asfaltata;Verticale ed orizzontale;Sereno;Normale;Buona;Ore Diurne;1;0;0;1;12,5149;41,89873;-1;;;;Pedone;F;Rimandato;0;NON DECEDUTO;;
3310560;3;17/05/2017 11:15;Strada Urbana;VIA TIBURTINA;all'intersezione semaforizzata con;VIA DEI MARRUCINI;VIA DEI MARRUCINI;;;Investimento di pedone;Intersezione semaforizzata;Una carreggiata a doppio senso;Asciutto;Asfaltata;Verticale ed orizzontale;Sereno;Normale;Buona;Ore Diurne;1;0;0;1;12,5149;41,89873;-1;1;Autovettura privata;In marcia / fermata / arresto;Conducente;M;Illeso;0;;Non accertato;Inesploso
3310568;3;17/05/2017 12:40;Strada Urbana;VIA TIBURTINA;in corrispondenza;;del civico n.;219;;Scontro laterale fra veicoli in marcia;Rettilineo;Più di due carreggiate;Asciutto;Asfaltata;Verticale ed orizzontale;Sereno;Normale;Buona;Ore Diurne;1;0;0;1;12,51716;41,89991;-1;1;Autovettura privata;In marcia / fermata / arresto;Conducente;M;Illeso;0;;Non accertato;Inesploso
3310568;3;17/05/2017 12:40;Strada Urbana;VIA TIBURTINA;in corrispondenza;;del civico n.;219;;Scontro laterale fra veicoli in marcia;Rettilineo;Più di due carreggiate;Asciutto;Asfaltata;Verticale ed orizzontale;Sereno;Normale;Buona;Ore Diurne;1;0;0;1;12,51716;41,89991;-1;2;Motociclo a solo;In marcia / fermata / arresto;Conducente;M;Rifiuta cure immediate;0;NON DECEDUTO;Non accertato;
3310570;9;18/05/2017 09:35;Strada Urbana;VIA GALLIA;all'intersezione con;VIA NORICO;VIA NORICO;;;Scontro frontale/laterale SX fra veicoli in marcia;Incrocio;Una carreggiata a doppio senso;Asciutto;Asfaltata;Orizzontale;Sereno;Normale;Buona;Ore Diurne;0;0;0;2;12,50397;41,88103;-1;1;Autovettura privata;In marcia / fermata / arresto;Conducente;M;Illeso;0;;;
3310570;9;18/05/2017 09:35;Strada Urbana;VIA GALLIA;all'intersezione con;VIA NORICO;VIA NORICO;;;Scontro frontale/laterale SX fra veicoli in marcia;Incrocio;Una carreggiata a doppio senso;Asciutto;Asfaltata;Orizzontale;Sereno;Normale;Buona;Ore Diurne;0;0;0;2;12,50397;41,88103;-1;2;Motociclo a solo;In marcia / fermata / arresto;Conducente;M;Illeso;0;;;
3310573;7;17/05/2017 19:50;Strada Urbana;VIALE PALMIRO TOGLIATTI;da specificare;;;;fronte civico 453;Scontro laterale fra veicoli in marcia;Rettilineo;Due carreggiate;Asciutto;Asfaltata;Verticale ed orizzontale;Sereno;Normale;Buona;Ore Diurne;1;0;0;1;12,56834;41,86957;-1;1;Autobus di linea;In marcia / fermata / arresto;Conducente;M;Illeso;0;;Non accertato;Inesploso
3310573;7;17/05/2017 19:50;Strada Urbana;VIALE PALMIRO TOGLIATTI;da specificare;;;;fronte civico 453;Scontro laterale fra veicoli in marcia;Rettilineo;Due carreggiate;Asciutto;Asfaltata;Verticale ed orizzontale;Sereno;Normale;Buona;Ore Diurne;1;0;0;1;12,56834;41,86957;-1;2;Motociclo a solo;In marcia / fermata / arresto;Conducente;F;Rifiuta cure immediate;0;NON DECEDUTO;Non accertato;
3310574;1;18/05/2017 05:40;Strada Urbana;PIAZZA DI S. GIOVANNI IN LATERANO;in prossimità;;del palo luce n.;39;;Veicolo in marcia contro ostacolo fisso;Rettilineo;Due carreggiate;Asciutto;Asfaltata;Verticale ed orizzontale;Sereno;Scarso;Buona;Sufficiente;1;0;0;0;12,50663;41,8869;-1;1;Motociclo a solo;In marcia / fermata / arresto;Conducente;M;Rimandato;0;NON DECEDUTO;Non accertato;
3310584;13;17/05/2017 10:45;Strada Urbana;VIA DEI VELIERI;all'intersezione con;VIA DEI TRAGHETTI;VIA DEI TRAGHETTI;;;Investimento di pedone;Incrocio;Due carreggiate;Asciutto;Asfaltata;Verticale ed orizzontale;Sereno;Normale;Buona;Ore Diurne;1;0;0;1;12,27552;41,73638;-1;;;;Pedone;F;Rimandato;0;NON DECEDUTO;;
3310584;13;17/05/2017 10:45;Strada Urbana;VIA DEI VELIERI;all'intersezione con;VIA DEI TRAGHETTI;VIA DEI TRAGHETTI;;;Investimento di pedone;Incrocio;Due carreggiate;Asciutto;Asfaltata;Verticale ed orizzontale;Sereno;Normale;Buona;Ore Diurne;1;0;0;1;12,27552;41,73638;-1;1;Autocarro inferiore 35 q.;In marcia / fermata / arresto;Conducente;F;Illeso;0;;Non accertato;Inesploso
3310585;3;17/05/2017 18:55;Strada Urbana;CIRCONVALLAZIONE TIBURTINA;da specificare;;;;dir.ne S.Giovanni altezza ;Scontro laterale fra veicoli in marcia;Rettilineo;Una carreggiata a senso unico di marcia;Asciutto;Asfaltata;Verticale ed orizzontale;Sereno;Normale;Buona;Ore Diurne;1;0;0;1;12,5279;41,89931;-1;1;Motociclo a solo;In marcia / fermata / arresto;Conducente;M;Rimandato;0;NON DECEDUTO;Non accertato;
3310585;3;17/05/2017 18:55;Strada Urbana;CIRCONVALLAZIONE TIBURTINA;da specificare;;;;dir.ne S.Giovanni altezza ;Scontro laterale fra veicoli in marcia;Rettilineo;Una carreggiata a senso unico di marcia;Asciutto;Asfaltata;Verticale ed orizzontale;Sereno;Normale;Buona;Ore Diurne;1;0;0;1;12,5279;41,89931;-1;2;Autovettura privata;In marcia / fermata / arresto;Conducente;M;Illeso;0;;Non accertato;Inesploso
3310608;7;17/05/2017 18:30;Strada Urbana;VIA DEGLI OLEANDRI;all'intersezione con;VIA DEI FIORI;VIA DEI FIORI;;;Scontro frontale/laterale DX fra veicoli in marcia;Incrocio;Una carreggiata a senso unico di marcia;Asciutto;Asfaltata;Verticale ed orizzontale;Sereno;Normale;Buona;Ore Diurne;0;0;0;2;12,57789;41,87517;-1;1;Autovettura privata;In marcia / fermata / arresto;Conducente;F;Illeso;0;;Non accertato;Inesploso
3310608;7;17/05/2017 18:30;Strada Urbana;VIA DEGLI OLEANDRI;all'intersezione con;VIA DEI FIORI;VIA DEI FIORI;;;Scontro frontale/laterale DX fra veicoli in marcia;Incrocio;Una carreggiata a senso unico di marcia;Asciutto;Asfaltata;Verticale ed orizzontale;Sereno;Normale;Buona;Ore Diurne;0;0;0;2;12,57789;41,87517;-1;2;Autovettura privata;In marcia / fermata / arresto;Conducente;F;Illeso;0;;Non accertato;Inesploso