Protocollo;Gruppo;DataOraIncidente;Localizzazione1;STRADA1;Localizzazione2;STRADA2;Strada02;Chilometrica;DaSpecificare;NaturaIncidente;particolaritastrade;TipoStrada;FondoStradale;Pavimentazione;Segnaletica;CondizioneAtmosferica;Traffico;Visibilita;Illuminazione;NUM_FERITI;NUM_RISERVATA;NUM_MORTI;NUM_ILLESI;Longitudine;Latitudine;Confermato;Progressivo;TipoVeicolo;StatoVeicolo;TipoPersona;Sesso;Tipolesione;Deceduto;DecedutoDopo;CinturaCascoUtilizzato;Airbag
3311594;1;18/05/2017 12:20;Strada Urbana;PIAZZA VITTORIO EMANUELE II;in prossimità;;del civico n.;147;;Veicolo in marcia contro ostacolo accidentale;Rettilineo;Una carreggiata a doppio senso;Viscido da liquidi oleosi;In cubetti di porfido;Verticale ed orizzontale;Sereno;Normale;Buona;Ore Diurne;1;0;0;0;12,50254;41,89529;-1;1;Motociclo a solo;In marcia / fermata / arresto;Conducente;M;Rifiuta cure immediate;0;NON DECEDUTO;Non accertato;
3311624;16;18/05/2017 09:35;Strada Urbana;VIA DI BRAVETTA;in prossimità;;del civico n.;226;;Tamponamento;Rettilineo;Una carreggiata a doppio senso;Asciutto;Asfaltata;Verticale ed orizzontale;Sereno;Normale;Buona;Ore Diurne;0;0;0;2;12,42541;41,88154;-1;1;Autovettura privata;In marcia / fermata / arresto;Conducente;F;Illeso;0;;Non accertato;Inesploso
3311624;16;18/05/2017 09:35;Strada Urbana;VIA DI BRAVETTA;in prossimità;;del civico n.;226;;Tamponamento;Rettilineo;Una carreggiata a doppio senso;Asciutto;Asfaltata;Verticale ed orizzontale;Sereno;Normale;Buona;Ore Diurne;0;0;0;2;12,42541;41,88154;-1;2;Motociclo a solo;In marcia / fermata / arresto;Conducente;M;Illeso;0;;Non accertato;
3311627;16;18/05/2017 08:45;Strada Urbana;VIA GIACINTO CARINI;all'intersezione con;VIA LUIGI MERCANTINI;VIA LUIGI MERCANTINI;;;Veicolo in marcia contro veicolo arresto;Intersezione non regolata/non segnalata;Una carreggiata a senso unico di marcia;Asciutto;Asfaltata;Verticale ed orizzontale;Sereno;Normale;Buona;Ore Diurne;0;0;0;2;12,46094;41,88518;-1;1;Autovettura privata;In marcia / fermata / arresto;Conducente;F;Illeso;0;;Non accertato;Inesploso
3311627;16;18/05/2017 08:45;Strada Urbana;VIA GIACINTO CARINI;all'intersezione con;VIA LUIGI MERCANTINI;VIA LUIGI MERCANTINI;;;Veicolo in marcia contro veicolo arresto;Intersezione non regolata/non segnalata;Una carreggiata a senso unico di marcia;Asciutto;Asfaltata;Verticale ed orizzontale;Sereno;Normale;Buona;Ore Diurne;0;0;0;2;12,46094;41,88518;-1;2;Autovettura privata;In marcia / fermata / arresto;Conducente;M;Illeso;0;;Non accertato;Inesploso
3311662;15;18/05/2017 17:40;Strada Urbana;VIA DELLA CASETTA MATTEI;da specificare;;;;fronte civico 437;Scontro laterale fra veicoli in marcia;Rettilineo;Una carreggiata a doppio senso;Asciutto;Asfaltata;Orizzontale;Sereno;Normale;Buona;Ore Diurne;1;0;0;3;12,41959;41,85788;-1;1;Autovettura privata;In marcia / fermata / arresto;Conducente;M;Illeso;0;;Non accertato;Inesploso
3311662;15;18/05/2017 17:40;Strada Urbana;VIA DELLA CASETTA MATTEI;da specificare;;;;fronte civico 437;Scontro laterale fra veicoli in marcia;Rettilineo;Una carreggiata a doppio senso;Asciutto;Asfaltata;Orizzontale;Sereno;Normale;Buona;Ore Diurne;1;0;0;3;12,41959;41,85788;-1;1;Autovettura privata;In marcia / fermata / arresto;Passeggero;F;Illeso;0;;Non accertato;Inesploso
3311662;15;18/05/2017 17:40;Strada Urbana;VIA DELLA CASETTA MATTEI;da specificare;;;;fronte civico 437;Scontro laterale fra veicoli in marcia;Rettilineo;Una carreggiata a doppio senso;Asciutto;Asfaltata;Orizzontale;Sereno;Normale;Buona;Ore Diurne;1;0;0;3;12,41959;41,85788;-1;2;Motociclo con passeggero;In marcia / fermata / arresto;Conducente;M;Rimandato;0;NON DECEDUTO;Non accertato;
3311662;15;18/05/2017 17:40;Strada Urbana;VIA DELLA CASETTA MATTEI;da specificare;;;;fronte civico 437;Scontro laterale fra veicoli in marcia;Rettilineo;Una carreggiata a doppio senso;Asciutto;Asfaltata;Orizzontale;Sereno;Normale;Buona;Ore Diurne;1;0;0;3;12,41959;41,85788;-1;2;Motociclo con passeggero;In marcia / fermata / arresto;Passeggero;F;Illeso;0;;Non accertato;
3312017;1;18/05/2017 17:30;Strada Urbana;VIALE DI PORTA ARDEATINA;all'intersezione con;VIA GUERRIERI;VIA GUERRIERI;;;Scontro frontale/laterale DX fra veicoli in marcia;Incrocio;Una carreggiata a doppio senso;Asciutto;Asfaltata;Verticale ed orizzontale;Sereno;Normale;Buona;Ore Diurne;2;0;0;1;12,48922;41,87737;-1;1;Autovettura privata;In marcia / fermata / arresto;Conducente;F;Rifiuta cure immediate;0;NON DECEDUTO;Non accertato;Inesploso
3312017;1;18/05/2017 17:30;Strada Urbana;VIALE DI PORTA ARDEATINA;all'intersezione con;VIA GUERRIERI;VIA GUERRIERI;;;Scontro frontale/laterale DX fra veicoli in marcia;Incrocio;Una carreggiata a doppio senso;Asciutto;Asfaltata;Verticale ed orizzontale;Sereno;Normale;Buona;Ore Diurne;2;0;0;1;12,48922;41,87737;-1;1;Autovettura privata;In marcia / fermata / arresto;Passeggero;M;Rimandato;0;NON DECEDUTO;Non accertato;Inesploso
3312017;1;18/05/2017 17:30;Strada Urbana;VIALE DI PORTA ARDEATINA;all'intersezione con;VIA GUERRIERI;VIA GUERRIERI;;;Scontro frontale/laterale DX fra veicoli in marcia;Incrocio;Una carreggiata a doppio senso;Asciutto;Asfaltata;Verticale ed orizzontale;Sereno;Normale;Buona;Ore Diurne;2;0;0;1;12,48922;41,87737;-1;2;Autovettura privata;In marcia / fermata / arresto;Conducente;M;Illeso;0;;Non accertato;Inesploso
3312018;11;18/05/2017 12:30;Strada Urbana;VIA LAURENTINA;all'intersezione con;VIA GASPARE GOZZI;VIA GASPARE GOZZI;;;Veicolo in marcia contro veicolo fermo;Intersezione non regolata/non segnalata;Una carreggiata a senso unico di marcia;Asciutto;Asfaltata;Verticale ed orizzontale;Sereno;Normale;Buona;Ore Diurne;0;0;0;5;12,47734;41,85158;-1;1;Autovettura privata;In marcia / fermata / arresto;Conducente;M;Illeso;0;;;
3312018;11;18/05/2017 12:30;Strada Urbana;VIA LAURENTINA;all'intersezione con;VIA GASPARE GOZZI;VIA GASPARE GOZZI;;;Veicolo in marcia contro veicolo fermo;Intersezione non regolata/non segnalata;Una carreggiata a senso unico di marcia;Asciutto;Asfaltata;Verticale ed orizzontale;Sereno;Normale;Buona;Ore Diurne;0;0;0;5;12,47734;41,85158;-1;1;Autovettura privata;In marcia / fermata / arresto;Passeggero;F;Illeso;0;;;
3312018;11;18/05/2017 12:30;Strada Urbana;VIA LAURENTINA;all'intersezione con;VIA GASPARE GOZZI;VIA GASPARE GOZZI;;;Veicolo in marcia contro veicolo fermo;Intersezione non regolata/non segnalata;Una carreggiata a senso unico di marcia;Asciutto;Asfaltata;Verticale ed orizzontale;Sereno;Normale;Buona;Ore Diurne;0;0;0;5;12,47734;41,85158;-1;2;Autovettura privata;In marcia / fermata / arresto;Conducente;F;Illeso;0;;;
3312018;11;18/05/2017 12:30;Strada Urbana;VIA LAURENTINA;all'intersezione con;VIA GASPARE GOZZI;VIA GASPARE GOZZI;;;Veicolo in marcia contro veicolo fermo;Intersezione non regolata/non segnalata;Una carreggiata a senso unico di marcia;Asciutto;Asfaltata;Verticale ed orizzontale;Sereno;Normale;Buona;Ore Diurne;0;0;0;5;12,47734;41,85158;-1;2;Autovettura privata;In marcia / fermata / arresto;Passeggero;F;Illeso;0;;;
3312020;19;18/05/2017 08:05;Strada Urbana;VIA INZAGO;in corrispondenza;;del civico n.;63;;Scontro laterale fra veicoli in marcia;Curva senza visuale libera;Una carreggiata a doppio senso;Asciutto;Asfaltata;Orizzontale;Sereno;Normale;Buona;Ore Diurne;1;0;0;1;12,38896;41,94722;-1;1;Autovettura privata;In marcia / fermata / arresto;Conducente;M;Illeso;0;;;
3312020;19;18/05/2017 08:05;Strada Urbana;VIA INZAGO;in corrispondenza;;del civico n.;63;;Scontro laterale fra veicoli in marcia;Curva senza visuale libera;Una carreggiata a doppio senso;Asciutto;Asfaltata;Orizzontale;Sereno;Normale;Buona;Ore Diurne;1;0;0;1;12,38896;41,94722;-1;2;Motociclo a solo;In marcia / fermata / arresto;Conducente;M;Rimandato;0;NON DECEDUTO;;
3312026;19;18/05/2017 09:45;Strada Urbana;VIA TRIONFALE;all'intersezione con;VIA GIUSEPPE BARELLAI;VIA GIUSEPPE BARELLAI;;;Scontro frontale/laterale SX fra veicoli in marcia;Intersezione stradale segnalata;Una carreggiata a doppio senso;Asciutto;Asfaltata;Verticale ed orizzontale;Sereno;Normale;Buona;Ore Diurne;0;0;0;4;12,42294;41,94086;-1;1;Autovettura privata;In marcia / fermata / arresto;Conducente;M;Illeso;0;;Non accertato;Inesploso
3312026;19;18/05/2017 09:45;Strada Urbana;VIA TRIONFALE;all'intersezione con;VIA GIUSEPPE BARELLAI;VIA GIUSEPPE BARELLAI;;;Scontro frontale/laterale SX fra veicoli in marcia;Intersezione stradale segnalata;Una carreggiata a doppio senso;Asciutto;Asfaltata;Verticale ed orizzontale;Sereno;Normale;Buona;Ore Diurne;0;0;0;4;12,42294;41,94086;-1;1;Autovettura privata;In marcia / fermata / arresto;Passeggero;F;Illeso;0;;Non accertato;Inesploso
3312026;19;18/05/2017 09:45;Strada Urbana;VIA TRIONFALE;all'intersezione con;VIA GIUSEPPE BARELLAI;VIA GIUSEPPE BARELLAI;;;Scontro frontale/laterale SX fra veicoli in marcia;Intersezione stradale segnalata;Una carreggiata a doppio senso;Asciutto;Asfaltata;Verticale ed orizzontale;Sereno;Normale;Buona;Ore Diurne;0;0;0;4;12,42294;41,94086;-1;2;Autovettura privata;In marcia / fermata / arresto;Conducente;M;Illeso;0;;Non accertato;Inesploso
3312026;19;18/05/2017 09:45;Strada Urbana;VIA TRIONFALE;all'intersezione con;VIA GIUSEPPE BARELLAI;VIA GIUSEPPE BARELLAI;;;Scontro frontale/laterale SX fra veicoli in marcia;Intersezione stradale segnalata;Una carreggiata a doppio senso;Asciutto;Asfaltata;Verticale ed orizzontale;Sereno;Normale;Buona;Ore Diurne;0;0;0;4;12,42294;41,94086;-1;2;Autovettura privata;In marcia / fermata / arresto;Passeggero;F;Illeso;0;;Non accertato;Inesploso
3312035;11;18/05/2017 18:30;Strada Urbana;VIA LAURENTINA;all'intersezione con;VIA LUIGI PERNA;VIA LUIGI PERNA;;;Tamponamento;Intersezione non regolata/non segnalata;Due carreggiate;Asciutto;Asfaltata;Verticale ed orizzontale;Sereno;Normale;Buona;Ore Diurne;0;0;0;2;12,47992;41,84493;-1;1;Autovettura privata;In marcia / fermata / arresto;Conducente;M;Illeso;0;;Non accertato;
3312035;11;18/05/2017 18:30;Strada Urbana;VIA LAURENTINA;all'intersezione con;VIA LUIGI PERNA;VIA LUIGI PERNA;;;Tamponamento;Intersezione non regolata/non segnalata;Due carreggiate;Asciutto;Asfaltata;Verticale ed orizzontale;Sereno;Normale;Buona;Ore Diurne;0;0;0;2;12,47992;41,84493;-1;2;Autovettura privata;In marcia / fermata / arresto;Conducente;M;Illeso;0;;Non accertato;
3312068;1;18/05/2017 18:35;Strada Urbana;VIA DEL TEATRO DI MARCELLO;in prossimità;;del palo luce n.;10;;Scontro laterale fra veicoli in marcia;Rettilineo;Una carreggiata a doppio senso;Asciutto;In cubetti di porfido;Verticale ed orizzontale;Sereno;Normale;Buona;Ore Diurne;0;0;0;2;12,48123;41,89311;-1;1;Autovettura pubblica;In marcia / fermata / arresto;Conducente;M;Illeso;0;;;
3312068;1;18/05/2017 18:35;Strada Urbana;VIA DEL TEATRO DI MARCELLO;in prossimità;;del palo luce n.;10;;Scontro laterale fra veicoli in marcia;Rettilineo;Una carreggiata a doppio senso;Asciutto;In cubetti di porfido;Verticale ed orizzontale;Sereno;Normale;Buona;Ore Diurne;0;0;0;2;12,48123;41,89311;-1;2;Autobus turistico;In marcia / fermata / arresto;Conducente;M;Illeso;0;;;
3312075;20;17/05/2017 19:00;Strada Urbana;VIA DEL FORO ITALICO;da specificare;;;;direzione Stadio -Galleria Fleming;Tamponamento Multiplo;Rettilineo;Due carreggiate;Asciutto;Asfaltata;Orizzontale;Sereno;Intenso;Buona;Ore Diurne;0;0;0;4;12,48375;41,93991;-1;1;Autovettura privata;In marcia / fermata / arresto;Conducente;F;Illeso;0;;Non accertato;
3312075;20;17/05/2017 19:00;Strada Urbana;VIA DEL FORO ITALICO;da specificare;;;;direzione Stadio -Galleria Fleming;Tamponamento Multiplo;Rettilineo;Due carreggiate;Asciutto;Asfaltata;Orizzontale;Sereno;Intenso;Buona;Ore Diurne;0;0;0;4;12,48375;41,93991;-1;2;Autovettura privata;In marcia / fermata / arresto;Conducente;F;Illeso;0;;Non accertato;
3312075;20;17/05/2017 19:00;Strada Urbana;VIA DEL FORO ITALICO;da specificare;;;;direzione Stadio -Galleria Fleming;Tamponamento Multiplo;Rettilineo;Due carreggiate;Asciutto;Asfaltata;Orizzontale;Sereno;Intenso;Buona;Ore Diurne;0;0;0;4;12,48375;41,93991;-1;3;Autovettura privata;In marcia / fermata / arresto;Conducente;F;Illeso;0;;Non accertato;
3312075;20;17/05/2017 19:00;Strada Urbana;VIA DEL FORO ITALICO;da specificare;;;;direzione Stadio -Galleria Fleming;Tamponamento Multiplo;Rettilineo;Due carreggiate;Asciutto;Asfaltata;Orizzontale;Sereno;Intenso;Buona;Ore Diurne;0;0;0;4;12,48375;41,93991;-1;3;Autovettura privata;In marcia / fermata / arresto;Passeggero;F;Illeso;0;;Non accertato;
3312112;13;18/05/2017 07:10;Strada Urbana;VIA DEL MARE;da specificare;;;;pross. via di Castel Fusano;Tamponamento;Curva a visuale libera;Una carreggiata a doppio senso;Asciutto;Asfaltata;Verticale ed orizzontale;Sereno;Normale;Buona;Ore Diurne;1;0;0;1;12,46323;41,84026;-1;1;Autovettura privata;In marcia / fermata / arresto;Conducente;M;Illeso;0;;Non accertato;Inesploso
3312112;13;18/05/2017 07:10;Strada Urbana;VIA DEL MARE;da specificare;;;;pross. via di Castel Fusano;Tamponamento;Curva a visuale libera;Una carreggiata a doppio senso;Asciutto;Asfaltata;Verticale ed orizzontale;Sereno;Normale;Buona;Ore Diurne;1;0;0;1;12,46323;41,84026;-1;2;Autovettura privata;In marcia / fermata / arresto;Conducente;F;Rimandato;0;NON DECEDUTO;Non accertato;Inesploso
3312116;13;18/05/2017 08:30;Strada Urbana;VIA DI ACQUA ROSSA;da specificare;;;;in prossimità di via delle baleniere;Veicolo in marcia contro ostacolo accidentale;Rettilineo;Una carreggiata a doppio senso;Asciutto;Asfaltata;Assente;Sereno;Scarso;Buona;Ore Diurne;0;0;0;1;12,27533;41,74245;-1;1;Autovettura privata;In marcia / fermata / arresto;Conducente;M;Illeso;0;;;
3312119;20;18/05/2017 17:45;Strada Urbana;VIA CASSIA;in prossimità;;del civico n.;987;;Investimento di pedone;Rettilineo;Due carreggiate;Asciutto;Asfaltata;Orizzontale;Sereno;Normale;Buona;Ore Diurne;1;0;0;1;12,43048;41,97293;-1;;;;Pedone;M;Rifiuta cure immediate;0;NON DECEDUTO;;
3312119;20;18/05/2017 17:45;Strada Urbana;VIA CASSIA;in prossimità;;del civico n.;987;;Investimento di pedone;Rettilineo;Due carreggiate;Asciutto;Asfaltata;Orizzontale;Sereno;Normale;Buona;Ore Diurne;1;0;0;1;12,43048;41,97293;-1;1;Autovettura privata;In marcia / fermata / arresto;Conducente;M;Illeso;0;;;
3312128;19;18/05/2017 12:00;Strada Urbana;LARGO ARTURO DONAGGIO;da specificare;;;;fronte civ. 11;Veicolo in marcia contro veicolo fermo;Rettilineo;Una carreggiata a senso unico di marcia;Asciutto;Asfaltata;Verticale ed orizzontale;Sereno;Normale;Buona;Ore Diurne;0;0;0;2;12,41372;41,92514;-1;1;Autovettura privata;In marcia / fermata / arresto;Conducente;M;Illeso;0;;Non accertato;Inesploso
3312128;19;18/05/2017 12:00;Strada Urbana;LARGO ARTURO DONAGGIO;da specificare;;;;fronte civ. 11;Veicolo in marcia contro veicolo fermo;Rettilineo;Una carreggiata a senso unico di marcia;Asciutto;Asfaltata;Verticale ed orizzontale;Sereno;Normale;Buona;Ore Diurne;0;0;0;2;12,41372;41,92514;-1;2;Autovettura privata;In marcia / fermata / arresto;Conducente;M;Illeso;0;;Non accertato;Inesploso
3312130;1;18/05/2017 23:45;Strada Urbana;VIA DEL CIRCO MASSIMO;in corrispondenza;;del palo luce n.;18;;Veicolo in marcia contro veicolo in sosta;Rettilineo;Una carreggiata a doppio senso;Asciutto;Asfaltata;Verticale ed orizzontale;Sereno;Normale;Buona;Sufficiente;0;0;0;1;12,48515;41,88536;-1;2;Autovettura privata;In marcia / fermata / arresto;Conducente;F;Illeso;0;;;
3312136;19;18/05/2017 21:30;Strada Urbana;GALLERIA GIOVANNI XXIII;da specificare;;;;m. 50 prima dell'uscita;Veicolo in marcia contro ostacolo fisso;Rettilineo;Una carreggiata a senso unico di marcia;Asciutto;Asfaltata;Verticale ed orizzontale;Sereno;Normale;Buona;Sufficiente;1;0;0;1;12,44128;41,94052;-1;1;Autovettura privata;In marcia / fermata / arresto;Conducente;M;Rimandato;0;NON DECEDUTO;;
3312136;19;18/05/2017 21:30;Strada Urbana;GALLERIA GIOVANNI XXIII;da specificare;;;;m. 50 prima dell'uscita;Veicolo in marcia contro ostacolo fisso;Rettilineo;Una carreggiata a senso unico di marcia;Asciutto;Asfaltata;Verticale ed orizzontale;Sereno;Normale;Buona;Sufficiente;1;0;0;1;12,44128;41,94052;-1;2;Motociclo a solo;In marcia / fermata / arresto;Conducente;M;Illeso;0;;Non accertato;
3312143;13;18/05/2017 08:30;Strada Urbana;VIA BARZANO';in prossimità;;del civico n.;69;;Scontro frontale/laterale SX fra veicoli in marcia;Rettilineo;Una carreggiata a doppio senso;Asciutto;Asfaltata;Assente;Sereno;Scarso;Buona;Ore Diurne;0;0;0;3;12,3321;41,77809;-1;1;Autovettura privata;In marcia / fermata / arresto;Conducente;M;Illeso;0;;Non accertato;Inesploso
3312143;13;18/05/2017 08:30;Strada Urbana;VIA BARZANO';in prossimità;;del civico n.;69;;Scontro frontale/laterale SX fra veicoli in marcia;Rettilineo;Una carreggiata a doppio senso;Asciutto;Asfaltata;Assente;Sereno;Scarso;Buona;Ore Diurne;0;0;0;3;12,3321;41,77809;-1;1;Autovettura privata;In marcia / fermata / arresto;Passeggero;F;Illeso;0;;Non accertato;Inesploso
3312143;13;18/05/2017 08:30;Strada Urbana;VIA BARZANO';in prossimità;;del civico n.;69;;Scontro frontale/laterale SX fra veicoli in marcia;Rettilineo;Una carreggiata a doppio senso;Asciutto;Asfaltata;Assente;Sereno;Scarso;Buona;Ore Diurne;0;0;0;3;12,3321;41,77809;-1;2;Autovettura privata;In marcia / fermata / arresto;Conducente;M;Illeso;0;;Non accertato;Inesploso
3312151;9;19/05/2017 07:35;Strada Urbana;LARGO BRINDISI;da specificare;;;;FRONTE CIVICO 18;Investimento di pedone;Rettilineo;Una carreggiata a doppio senso;Asciutto;Asfaltata;Verticale ed orizzontale;Sereno;Normale;Buona;Ore Diurne;2;0;0;0;12,51062;41,88542;-1;;;;Pedone;F;Ricoverato;0;NON DECEDUTO;;
3312151;9;19/05/2017 07:35;Strada Urbana;LARGO BRINDISI;da specificare;;;;FRONTE CIVICO 18;Investimento di pedone;Rettilineo;Una carreggiata a doppio senso;Asciutto;Asfaltata;Verticale ed orizzontale;Sereno;Normale;Buona;Ore Diurne;2;0;0;0;12,51062;41,88542;-1;1;Motociclo a solo;In marcia / fermata / arresto;Conducente;M;Rimandato;0;NON DECEDUTO;Utilizzato;
3312161;13;18/05/2017 16:00;Strada Urbana;VIA ESCHILO;in corrispondenza;;del civico n.;151;;Veicolo in marcia contro ostacolo fisso;Rettilineo;Una carreggiata a doppio senso;Asciutto;Asfaltata;Verticale ed orizzontale;Sereno;Normale;Buona;Ore Diurne;0;0;0;1;12,37085;41,7574;-1;1;Autovettura privata;In marcia / fermata / arresto;Conducente;F;Illeso;0;;Utilizzato;Esploso
3312177;8;18/05/2017 07:50;Strada Urbana;VIA CASILINA;in prossimità;;del civico n.;1210;;Scontro frontale fra veicoli in marcia;Rettilineo;Una carreggiata a doppio senso;Asciutto;Asfaltata;Verticale ed orizzontale;Sereno;Intenso;Buona;Ore Diurne;1;0;0;1;12,60403;41,86448;-1;1;Autovettura privata;In marcia / fermata / arresto;Conducente;F;Illeso;0;;Non accertato;
3312177;8;18/05/2017 07:50;Strada Urbana;VIA CASILINA;in prossimità;;del civico n.;1210;;Scontro frontale fra veicoli in marcia;Rettilineo;Una carreggiata a doppio senso;Asciutto;Asfaltata;Verticale ed orizzontale;Sereno;Intenso;Buona;Ore Diurne;1;0;0;1;12,60403;41,86448;-1;2;Ciclomotore;In marcia / fermata / arresto;Conducente;F;Rifiuta cure immediate;0;NON DECEDUTO;Non accertato;
3312182;17;18/05/2017 15:35;;PIAZZA ADRIANA;in prossimità;;del civico n.;20;;Scontro laterale fra veicoli in marcia;;;;;;;;;;0;0;0;2;12,46405;41,90417;0;1;Autobus urbano;In marcia / fermata / arresto;Conducente;M;Illeso;0;;;
3312182;17;18/05/2017 15:35;;PIAZZA ADRIANA;in prossimità;;del civico n.;20;;Scontro laterale fra veicoli in marcia;;;;;;;;;;0;0;0;2;12,46405;41,90417;0;2;Autovettura privata;In marcia / fermata / arresto;Conducente;M;Illeso;0;;;
3312185;8;18/05/2017 10:00;Strada Urbana;VIA VILLABATE;all'intersezione con;VIA SALEMI;VIA SALEMI;;;Scontro laterale fra veicoli in marcia;Intersezione non regolata/non segnalata;Una carreggiata a doppio senso;Asciutto;Con buche;Assente;Sereno;Normale;Buona;Ore Diurne;1;0;0;1;12,65125;41,86619;-1;1;Autovettura privata;In marcia / fermata / arresto;Conducente;M;Illeso;0;;Non accertato;
3312185;8;18/05/2017 10:00;Strada Urbana;VIA VILLABATE;all'intersezione con;VIA SALEMI;VIA SALEMI;;;Scontro laterale fra veicoli in marcia;Intersezione non regolata/non segnalata;Una carreggiata a doppio senso;Asciutto;Con buche;Assente;Sereno;Normale;Buona;Ore Diurne;1;0;0;1;12,65125;41,86619;-1;2;Motociclo a solo;In marcia / fermata / arresto;Conducente;M;Rifiuta cure immediate;0;NON DECEDUTO;;
3312188;8;18/05/2017 10:40;Strada Urbana;VIA CASILINA;in prossimità;;del civico n.;1880;;Scontro laterale fra veicoli in marcia;Rettilineo;Una carreggiata a doppio senso;Asciutto;Asfaltata;Orizzontale;Sereno;Intenso;Buona;Ore Diurne;1;0;0;1;12,68895;41,86306;-1;1;Autovettura privata;In marcia / fermata / arresto;Conducente;M;Illeso;0;;Non accertato;Inesploso
3312188;8;18/05/2017 10:40;Strada Urbana;VIA CASILINA;in prossimità;;del civico n.;1880;;Scontro laterale fra veicoli in marcia;Rettilineo;Una carreggiata a doppio senso;Asciutto;Asfaltata;Orizzontale;Sereno;Intenso;Buona;Ore Diurne;1;0;0;1;12,68895;41,86306;-1;2;Velocipede;In marcia / fermata / arresto;Conducente;M;Rifiuta cure immediate;0;NON DECEDUTO;Esente;
3312190;8;17/05/2017 11:30;Strada Urbana;VIALE DUILIO CAMBELLOTTI;all'intersezione con;VIA NATALE BALBIANI;VIA NATALE BALBIANI;;;Tamponamento;Incrocio;Una carreggiata a senso unico di marcia;Asciutto;Asfaltata;Orizzontale;Sereno;Normale;Buona;Ore Diurne;1;0;0;1;12,63263;41,86946;-1;1;Autocarro inferiore 35 q.;In marcia / fermata / arresto;Conducente;M;Ricoverato;0;NON DECEDUTO;;
3312190;8;17/05/2017 11:30;Strada Urbana;VIALE DUILIO CAMBELLOTTI;all'intersezione con;VIA NATALE BALBIANI;VIA NATALE BALBIANI;;;Tamponamento;Incrocio;Una carreggiata a senso unico di marcia;Asciutto;Asfaltata;Orizzontale;Sereno;Normale;Buona;Ore Diurne;1;0;0;1;12,63263;41,86946;-1;2;Autocarro inferiore 35 q.;In marcia / fermata / arresto;Conducente;M;Illeso;0;;Non accertato;
3312191;17;18/05/2017 09:50;Strada Urbana;PIAZZALE DEGLI EROI;all'intersezione semaforizzata con;CIRCONVALLAZIONE TRIONFALE;CIRCONVALLAZIONE TRIONFALE;;;Scontro laterale fra veicoli in marcia;Intersezione semaforizzata;Una carreggiata a senso unico di marcia;Asciutto;Asfaltata;Verticale ed orizzontale;Nebbia;Normale;Buona;Ore Diurne;1;0;0;1;12,44903;41,90931;-1;1;Autovettura privata;In marcia / fermata / arresto;Conducente;F;Illeso;0;;Non accertato;Inesploso
3312191;17;18/05/2017 09:50;Strada Urbana;PIAZZALE DEGLI EROI;all'intersezione semaforizzata con;CIRCONVALLAZIONE TRIONFALE;CIRCONVALLAZIONE TRIONFALE;;;Scontro laterale fra veicoli in marcia;Intersezione semaforizzata;Una carreggiata a senso unico di marcia;Asciutto;Asfaltata;Verticale ed orizzontale;Nebbia;Normale;Buona;Ore Diurne;1;0;0;1;12,44903;41,90931;-1;2;Motociclo a solo;In marcia / fermata / arresto;Conducente;M;Rimandato;0;NON DECEDUTO;Non accertato;
3312192;8;18/05/2017 11:30;Strada Urbana;VIA ERNESTO BREDA;all'intersezione con;VIA ALESSANDRO CENTURINI;VIA ALESSANDRO CENTURINI;;;Scontro frontale/laterale DX fra veicoli in marcia;Incrocio;Una carreggiata a senso unico di marcia;Asciutto;Asfaltata;Orizzontale;Sereno;Normale;Sufficiente;Ore Diurne;0;0;0;3;12,64331;41,86065;-1;1;Autovettura privata;In marcia / fermata / arresto;Conducente;M;Illeso;0;;Non accertato;Inesploso
3312192;8;18/05/2017 11:30;Strada Urbana;VIA ERNESTO BREDA;all'intersezione con;VIA ALESSANDRO CENTURINI;VIA ALESSANDRO CENTURINI;;;Scontro frontale/laterale DX fra veicoli in marcia;Incrocio;Una carreggiata a senso unico di marcia;Asciutto;Asfaltata;Orizzontale;Sereno;Normale;Sufficiente;Ore Diurne;0;0;0;3;12,64331;41,86065;-1;1;Autovettura privata;In marcia / fermata / arresto;Passeggero;F;Illeso;0;;Non accertato;Inesploso
3312192;8;18/05/2017 11:30;Strada Urbana;VIA ERNESTO BREDA;all'intersezione con;VIA ALESSANDRO CENTURINI;VIA ALESSANDRO CENTURINI;;;Scontro frontale/laterale DX fra veicoli in marcia;Incrocio;Una carreggiata a senso unico di marcia;Asciutto;Asfaltata;Orizzontale;Sereno;Normale;Sufficiente;Ore Diurne;0;0;0;3;12,64331;41,86065;-1;2;Autocarro inferiore 35 q.;In marcia / fermata / arresto;Conducente;M;Illeso;0;;Non accertato;Inesploso
3312199;5;18/05/2017 12:25;Strada Urbana;VIA DI PIETRALATA;all'intersezione con;VIA DELL'ACQUA MARCIA;VIA DELL'ACQUA MARCIA;;;Veicolo in marcia contro ostacolo accidentale;Intersezione stradale segnalata;Una carreggiata a doppio senso;Asciutto;Asfaltata;Verticale ed orizzontale;Sereno;Normale;Buona;Ore Diurne;0;0;0;1;12,5526;41,91915;-1;1;Autovettura privata;In marcia / fermata / arresto;Conducente;M;Illeso;0;;Non accertato;Inesploso