Protocollo;Gruppo;DataOraIncidente;Localizzazione1;STRADA1;Localizzazione2;STRADA2;Strada02;Chilometrica;DaSpecificare;NaturaIncidente;particolaritastrade;TipoStrada;FondoStradale;Pavimentazione;Segnaletica;CondizioneAtmosferica;Traffico;Visibilita;Illuminazione;NUM_FERITI;NUM_RISERVATA;NUM_MORTI;NUM_ILLESI;Longitudine;Latitudine;Confermato;Progressivo;TipoVeicolo;StatoVeicolo;TipoPersona;Sesso;Tipolesione;Deceduto;DecedutoDopo;CinturaCascoUtilizzato;Airbag
3316508;17;20/05/2017 07:30;Strada Urbana;LUNGOTEVERE MARESCIALLO CADORNA;all'intersezione con;VIA ROBERTO MORRA DI LAVRIANO;VIA ROBERTO MORRA DI LAVRIANO;;;Scontro laterale fra veicoli in marcia;Incrocio;Una carreggiata a doppio senso;Asciutto;Asfaltata;Verticale ed orizzontale;Nuvoloso;Normale;Buona;Ore Diurne;0;0;0;3;12,45816;41,92793;-1;1;Autovettura privata;In marcia / fermata / arresto;Conducente;M;Illeso;0;;;
3316508;17;20/05/2017 07:30;Strada Urbana;LUNGOTEVERE MARESCIALLO CADORNA;all'intersezione con;VIA ROBERTO MORRA DI LAVRIANO;VIA ROBERTO MORRA DI LAVRIANO;;;Scontro laterale fra veicoli in marcia;Incrocio;Una carreggiata a doppio senso;Asciutto;Asfaltata;Verticale ed orizzontale;Nuvoloso;Normale;Buona;Ore Diurne;0;0;0;3;12,45816;41,92793;-1;1;Autovettura privata;In marcia / fermata / arresto;Passeggero;F;Illeso;0;;Non accertato;Inesploso
3316508;17;20/05/2017 07:30;Strada Urbana;LUNGOTEVERE MARESCIALLO CADORNA;all'intersezione con;VIA ROBERTO MORRA DI LAVRIANO;VIA ROBERTO MORRA DI LAVRIANO;;;Scontro laterale fra veicoli in marcia;Incrocio;Una carreggiata a doppio senso;Asciutto;Asfaltata;Verticale ed orizzontale;Nuvoloso;Normale;Buona;Ore Diurne;0;0;0;3;12,45816;41,92793;-1;1;Autovettura privata;In marcia / fermata / arresto;Passeggero;M;Illeso;0;;Non accertato;Inesploso
3316509;19;20/05/2017 15:45;Strada Urbana;VIA DI CASAL DEL MARMO;in prossimità;;del civico n.;334;;Scontro laterale fra veicoli in marcia;Rettilineo;Una carreggiata a doppio senso;Asciutto;Asfaltata;Orizzontale;Sereno;Normale;Sufficiente;Ore Diurne;1;0;0;2;12,39221;41,94714;-1;1;Autovettura privata;In marcia / fermata / arresto;Conducente;M;Illeso;0;;;
3316509;19;20/05/2017 15:45;Strada Urbana;VIA DI CASAL DEL MARMO;in prossimità;;del civico n.;334;;Scontro laterale fra veicoli in marcia;Rettilineo;Una carreggiata a doppio senso;Asciutto;Asfaltata;Orizzontale;Sereno;Normale;Sufficiente;Ore Diurne;1;0;0;2;12,39221;41,94714;-1;1;Autovettura privata;In marcia / fermata / arresto;Passeggero;M;Illeso;0;;;
3316509;19;20/05/2017 15:45;Strada Urbana;VIA DI CASAL DEL MARMO;in prossimità;;del civico n.;334;;Scontro laterale fra veicoli in marcia;Rettilineo;Una carreggiata a doppio senso;Asciutto;Asfaltata;Orizzontale;Sereno;Normale;Sufficiente;Ore Diurne;1;0;0;2;12,39221;41,94714;-1;2;Motociclo a solo;In marcia / fermata / arresto;Conducente;M;Rimandato;0;NON DECEDUTO;;
3316534;13;19/05/2017 22:40;Strada Urbana;VIA DELL'APPAGLIATORE;in corrispondenza;;del civico n.;120;;Tamponamento Multiplo;Rettilineo;Una carreggiata a senso unico di marcia;Bagnato (pioggia);Asfaltata;Orizzontale;Pioggia in atto;Scarso;Sufficiente;Sufficiente;1;0;0;2;12,26333;41,7419;-1;1;Autovettura privata;In marcia / fermata / arresto;Conducente;M;Illeso;0;;Non accertato;Inesploso
3316534;13;19/05/2017 22:40;Strada Urbana;VIA DELL'APPAGLIATORE;in corrispondenza;;del civico n.;120;;Tamponamento Multiplo;Rettilineo;Una carreggiata a senso unico di marcia;Bagnato (pioggia);Asfaltata;Orizzontale;Pioggia in atto;Scarso;Sufficiente;Sufficiente;1;0;0;2;12,26333;41,7419;-1;2;Autovettura privata;In marcia / fermata / arresto;Conducente;M;Rimandato;0;NON DECEDUTO;Non accertato;Inesploso
3316534;13;19/05/2017 22:40;Strada Urbana;VIA DELL'APPAGLIATORE;in corrispondenza;;del civico n.;120;;Tamponamento Multiplo;Rettilineo;Una carreggiata a senso unico di marcia;Bagnato (pioggia);Asfaltata;Orizzontale;Pioggia in atto;Scarso;Sufficiente;Sufficiente;1;0;0;2;12,26333;41,7419;-1;3;Autovettura privata;In marcia / fermata / arresto;Conducente;M;Illeso;0;;Non accertato;Inesploso
3316544;19;20/05/2017 19:51;Strada Urbana;VIA TRIONFALE;in prossimità;;del civico n.;8187;;Scontro frontale/laterale DX fra veicoli in marcia;Rettilineo;Una carreggiata a senso unico di marcia;Asciutto;Asfaltata;Verticale ed orizzontale;Sereno;Intenso;Buona;Ore Diurne;0;0;0;2;12,42825;41,9373;-1;1;Autovettura privata;In marcia / fermata / arresto;Conducente;M;Illeso;0;;;
3316544;19;20/05/2017 19:51;Strada Urbana;VIA TRIONFALE;in prossimità;;del civico n.;8187;;Scontro frontale/laterale DX fra veicoli in marcia;Rettilineo;Una carreggiata a senso unico di marcia;Asciutto;Asfaltata;Verticale ed orizzontale;Sereno;Intenso;Buona;Ore Diurne;0;0;0;2;12,42825;41,9373;-1;2;Autobus urbano;In marcia / fermata / arresto;Conducente;M;Illeso;0;;;
3316560;8;22/05/2017 00:30;Strada Urbana;VIALE DI TORRE MAURA;in corrispondenza;;del palo luce n.;4;;Veicolo in marcia contro ostacolo accidentale;Rettilineo;Due carreggiate;Asciutto;Strada pavimentata dissestata;Assente;Sereno;Scarso;Buona;Sufficiente;0;0;0;1;12,59221;41,8602;-1;1;Autovettura privata;In marcia / fermata / arresto;Conducente;M;Illeso;0;;Non accertato;Inesploso
3316565;8;21/05/2017 14:00;Strada Urbana;VIA GUIDO FIORINI;in corrispondenza;;del civico n.;19;;Veicolo in marcia contro veicolo in sosta;Rettilineo;Una carreggiata a doppio senso;Asciutto;Asfaltata;Assente;Nuvoloso;Scarso;Buona;Ore Diurne;0;0;0;2;12,65518;41,91128;-1;1;Autovettura privata;In marcia / fermata / arresto;Conducente;F;Illeso;0;;Non accertato;Inesploso
3316565;8;21/05/2017 14:00;Strada Urbana;VIA GUIDO FIORINI;in corrispondenza;;del civico n.;19;;Veicolo in marcia contro veicolo in sosta;Rettilineo;Una carreggiata a doppio senso;Asciutto;Asfaltata;Assente;Nuvoloso;Scarso;Buona;Ore Diurne;0;0;0;2;12,65518;41,91128;-1;1;Autovettura privata;In marcia / fermata / arresto;Passeggero;M;Illeso;0;;Non accertato;Inesploso
3316572;10;22/05/2017 01:00;Strada Urbana;VIA GALLIA;in corrispondenza;;del civico n.;83;;Infortunio per caduta del veicolo;Rettilineo;Una carreggiata a doppio senso;Asciutto;Asfaltata;Orizzontale;Sereno;Scarso;Sufficiente;Sufficiente;1;0;0;2;12,50529;41,88096;-1;1;Motociclo a solo;In marcia / fermata / arresto;Conducente;F;Rimandato;0;NON DECEDUTO;Non accertato;
3316572;10;22/05/2017 01:00;Strada Urbana;VIA GALLIA;in corrispondenza;;del civico n.;83;;Infortunio per caduta del veicolo;Rettilineo;Una carreggiata a doppio senso;Asciutto;Asfaltata;Orizzontale;Sereno;Scarso;Sufficiente;Sufficiente;1;0;0;2;12,50529;41,88096;-1;2;Autovettura privata;In marcia / fermata / arresto;Conducente;M;Illeso;0;;Non accertato;Inesploso
3316572;10;22/05/2017 01:00;Strada Urbana;VIA GALLIA;in corrispondenza;;del civico n.;83;;Infortunio per caduta del veicolo;Rettilineo;Una carreggiata a doppio senso;Asciutto;Asfaltata;Orizzontale;Sereno;Scarso;Sufficiente;Sufficiente;1;0;0;2;12,50529;41,88096;-1;2;Autovettura privata;In marcia / fermata / arresto;Passeggero;F;Illeso;0;;Non utilizzato;Inesploso
3316573;8;20/05/2017 11:20;Strada Urbana;VIA DELL'AQUILA REALE;in corrispondenza;;del civico n.;13;;Veicolo in marcia contro veicoli in arresto;Rettilineo;Una carreggiata a doppio senso;Bagnato (pioggia);Strada pavimentata dissestata;Orizzontale;Pioggia in atto;Normale;Buona;Ore Diurne;0;0;0;3;12,59644;41,86526;-1;1;Autovettura privata;In marcia / fermata / arresto;Conducente;F;Illeso;0;;Non accertato;Inesploso
3316573;8;20/05/2017 11:20;Strada Urbana;VIA DELL'AQUILA REALE;in corrispondenza;;del civico n.;13;;Veicolo in marcia contro veicoli in arresto;Rettilineo;Una carreggiata a doppio senso;Bagnato (pioggia);Strada pavimentata dissestata;Orizzontale;Pioggia in atto;Normale;Buona;Ore Diurne;0;0;0;3;12,59644;41,86526;-1;1;Autovettura privata;In marcia / fermata / arresto;Passeggero;F;Illeso;0;;Non accertato;Inesploso
3316573;8;20/05/2017 11:20;Strada Urbana;VIA DELL'AQUILA REALE;in corrispondenza;;del civico n.;13;;Veicolo in marcia contro veicoli in arresto;Rettilineo;Una carreggiata a doppio senso;Bagnato (pioggia);Strada pavimentata dissestata;Orizzontale;Pioggia in atto;Normale;Buona;Ore Diurne;0;0;0;3;12,59644;41,86526;-1;2;Autovettura privata;In marcia / fermata / arresto;Conducente;F;Illeso;0;;Non accertato;
3316583;3;20/05/2017 18:10;Strada Urbana;CIRCONVALLAZIONE NOMENTANA;da specificare;;;;fronte civico 152;Veicolo in marcia contro veicolo arresto;Rettilineo;Più di due carreggiate;Asciutto;Asfaltata;Verticale ed orizzontale;Sereno;Normale;Buona;Ore Diurne;0;0;0;3;12,52698;41,92461;-1;1;Autovettura privata;In marcia / fermata / arresto;Conducente;M;Illeso;0;;Non accertato;
3316583;3;20/05/2017 18:10;Strada Urbana;CIRCONVALLAZIONE NOMENTANA;da specificare;;;;fronte civico 152;Veicolo in marcia contro veicolo arresto;Rettilineo;Più di due carreggiate;Asciutto;Asfaltata;Verticale ed orizzontale;Sereno;Normale;Buona;Ore Diurne;0;0;0;3;12,52698;41,92461;-1;2;Autovettura privata;In marcia / fermata / arresto;Conducente;M;Illeso;0;;Non accertato;
3316583;3;20/05/2017 18:10;Strada Urbana;CIRCONVALLAZIONE NOMENTANA;da specificare;;;;fronte civico 152;Veicolo in marcia contro veicolo arresto;Rettilineo;Più di due carreggiate;Asciutto;Asfaltata;Verticale ed orizzontale;Sereno;Normale;Buona;Ore Diurne;0;0;0;3;12,52698;41,92461;-1;3;Autovettura privata;In marcia / fermata / arresto;Conducente;M;Illeso;0;;Non accertato;
3316584;12;20/05/2017 02:35;Strada Urbana;LUNGOTEVERE DI S. PAOLO;in corrispondenza;;del civico n.;10;;Veicolo in marcia contro veicolo in sosta;Rettilineo;Due carreggiate;Asciutto;Asfaltata;Verticale ed orizzontale;Sereno;Scarso;Sufficiente;Sufficiente;1;0;0;0;12,4769;41,86147;-1;2;Autovettura privata;In marcia / fermata / arresto;Conducente;M;Rimandato;0;NON DECEDUTO;Non accertato;
3316601;19;20/05/2017 16:45;Strada Urbana;VIA DI CASAL DEL MARMO;da specificare;;;;f.c. 260B prossimità intersezione Via CREVENNA;Scontro frontale/laterale SX fra veicoli in marcia;Rettilineo;Una carreggiata a doppio senso;Asciutto;Asfaltata;Orizzontale;Sereno;Normale;Buona;Ore Diurne;0;0;0;3;12,38899;41,94215;-1;1;Motociclo a solo;In marcia / fermata / arresto;Conducente;M;Illeso;0;;Non accertato;
3316601;19;20/05/2017 16:45;Strada Urbana;VIA DI CASAL DEL MARMO;da specificare;;;;f.c. 260B prossimità intersezione Via CREVENNA;Scontro frontale/laterale SX fra veicoli in marcia;Rettilineo;Una carreggiata a doppio senso;Asciutto;Asfaltata;Orizzontale;Sereno;Normale;Buona;Ore Diurne;0;0;0;3;12,38899;41,94215;-1;2;Autovettura privata;In marcia / fermata / arresto;Conducente;F;Illeso;0;;Non accertato;Inesploso
3316601;19;20/05/2017 16:45;Strada Urbana;VIA DI CASAL DEL MARMO;da specificare;;;;f.c. 260B prossimità intersezione Via CREVENNA;Scontro frontale/laterale SX fra veicoli in marcia;Rettilineo;Una carreggiata a doppio senso;Asciutto;Asfaltata;Orizzontale;Sereno;Normale;Buona;Ore Diurne;0;0;0;3;12,38899;41,94215;-1;2;Autovettura privata;In marcia / fermata / arresto;Passeggero;M;Illeso;0;;Non accertato;
3316603;6;22/05/2017 10:00;Strada Urbana;VIA ALATRI;all'intersezione con;PIAZZA SABAUDIA;PIAZZA SABAUDIA;;;Scontro frontale/laterale DX fra veicoli in marcia;Intersezione stradale segnalata;Una carreggiata a senso unico di marcia;Asciutto;Asfaltata;Verticale ed orizzontale;Sereno;Normale;Buona;Ore Diurne;2;0;0;0;12,55801;41,89319;-1;1;Autovettura privata;In marcia / fermata / arresto;Conducente;F;Rimandato;0;NON DECEDUTO;Non accertato;Esploso
3316603;6;22/05/2017 10:00;Strada Urbana;VIA ALATRI;all'intersezione con;PIAZZA SABAUDIA;PIAZZA SABAUDIA;;;Scontro frontale/laterale DX fra veicoli in marcia;Intersezione stradale segnalata;Una carreggiata a senso unico di marcia;Asciutto;Asfaltata;Verticale ed orizzontale;Sereno;Normale;Buona;Ore Diurne;2;0;0;0;12,55801;41,89319;-1;2;Autovettura privata;In marcia / fermata / arresto;Conducente;F;Rimandato;0;NON DECEDUTO;Non accertato;Inesploso
3316606;19;21/05/2017 12:00;Strada Urbana;VIA MARIO FANI;all'intersezione con;VIA STRESA;VIA STRESA;;;Scontro frontale/laterale DX fra veicoli in marcia;Incrocio;Una carreggiata a doppio senso;Asciutto;Asfaltata;Verticale ed orizzontale;Sereno;Normale;Buona;Ore Diurne;1;0;0;1;12,44147;41,938;-1;1;Autovettura privata;In marcia / fermata / arresto;Conducente;M;Illeso;0;;Non accertato;Inesploso
3316606;19;21/05/2017 12:00;Strada Urbana;VIA MARIO FANI;all'intersezione con;VIA STRESA;VIA STRESA;;;Scontro frontale/laterale DX fra veicoli in marcia;Incrocio;Una carreggiata a doppio senso;Asciutto;Asfaltata;Verticale ed orizzontale;Sereno;Normale;Buona;Ore Diurne;1;0;0;1;12,44147;41,938;-1;2;Autovettura privata;In marcia / fermata / arresto;Conducente;F;Rimandato;0;NON DECEDUTO;Non accertato;Inesploso
3316636;8;20/05/2017 17:30;Strada Urbana;VIALE DI TORRE MAURA;in prossimità;;del civico n.;40;;Veicolo in marcia contro ostacolo accidentale;Rettilineo;Due carreggiate;Asciutto;Asfaltata;Verticale ed orizzontale;Sereno;Normale;Sufficiente;Ore Diurne;0;0;0;1;12,58873;41,86497;-1;1;Autovettura privata;In marcia / fermata / arresto;Conducente;M;Illeso;0;;Non accertato;Inesploso
3316640;19;21/05/2017 16:55;Strada Urbana;VIA VINCENZO TOMASSINI;all'intersezione con;VIA AUGUSTO TEBALDI;VIA AUGUSTO TEBALDI;;;Scontro frontale/laterale DX fra veicoli in marcia;Intersezione stradale segnalata;Una carreggiata a senso unico di marcia;Asciutto;Asfaltata;Verticale ed orizzontale;Sereno;Scarso;Buona;Ore Diurne;1;0;0;3;12,41353;41,92776;-1;1;Autovettura privata;In marcia / fermata / arresto;Conducente;F;Illeso;0;;Non accertato;
3316640;19;21/05/2017 16:55;Strada Urbana;VIA VINCENZO TOMASSINI;all'intersezione con;VIA AUGUSTO TEBALDI;VIA AUGUSTO TEBALDI;;;Scontro frontale/laterale DX fra veicoli in marcia;Intersezione stradale segnalata;Una carreggiata a senso unico di marcia;Asciutto;Asfaltata;Verticale ed orizzontale;Sereno;Scarso;Buona;Ore Diurne;1;0;0;3;12,41353;41,92776;-1;1;Autovettura privata;In marcia / fermata / arresto;Passeggero;M;Illeso;0;;Non accertato;
3316640;19;21/05/2017 16:55;Strada Urbana;VIA VINCENZO TOMASSINI;all'intersezione con;VIA AUGUSTO TEBALDI;VIA AUGUSTO TEBALDI;;;Scontro frontale/laterale DX fra veicoli in marcia;Intersezione stradale segnalata;Una carreggiata a senso unico di marcia;Asciutto;Asfaltata;Verticale ed orizzontale;Sereno;Scarso;Buona;Ore Diurne;1;0;0;3;12,41353;41,92776;-1;2;Autovettura privata;In marcia / fermata / arresto;Conducente;F;Illeso;0;;Non accertato;
3316640;19;21/05/2017 16:55;Strada Urbana;VIA VINCENZO TOMASSINI;all'intersezione con;VIA AUGUSTO TEBALDI;VIA AUGUSTO TEBALDI;;;Scontro frontale/laterale DX fra veicoli in marcia;Intersezione stradale segnalata;Una carreggiata a senso unico di marcia;Asciutto;Asfaltata;Verticale ed orizzontale;Sereno;Scarso;Buona;Ore Diurne;1;0;0;3;12,41353;41,92776;-1;2;Autovettura privata;In marcia / fermata / arresto;Passeggero;F;Rimandato;0;NON DECEDUTO;Non accertato;
3316641;16;19/05/2017 11:45;Strada Urbana;VIALE DEI COLLI PORTUENSI;all'intersezione semaforizzata con;VIA DI MONTE VERDE;VIA DI MONTE VERDE;;;Investimento di pedone;Incrocio;Più di due carreggiate;Asciutto;Asfaltata;Verticale ed orizzontale;Sereno;Normale;Buona;Ore Diurne;1;0;0;2;12,44404;41,86675;-1;;;;Pedone;M;Rimandato;0;NON DECEDUTO;;
3316641;16;19/05/2017 11:45;Strada Urbana;VIALE DEI COLLI PORTUENSI;all'intersezione semaforizzata con;VIA DI MONTE VERDE;VIA DI MONTE VERDE;;;Investimento di pedone;Incrocio;Più di due carreggiate;Asciutto;Asfaltata;Verticale ed orizzontale;Sereno;Normale;Buona;Ore Diurne;1;0;0;2;12,44404;41,86675;-1;1;Autovettura privata;In marcia / fermata / arresto;Conducente;M;Illeso;0;;Non accertato;Inesploso
3316641;16;19/05/2017 11:45;Strada Urbana;VIALE DEI COLLI PORTUENSI;all'intersezione semaforizzata con;VIA DI MONTE VERDE;VIA DI MONTE VERDE;;;Investimento di pedone;Incrocio;Più di due carreggiate;Asciutto;Asfaltata;Verticale ed orizzontale;Sereno;Normale;Buona;Ore Diurne;1;0;0;2;12,44404;41,86675;-1;1;Autovettura privata;In marcia / fermata / arresto;Passeggero;M;Illeso;0;;Non accertato;Inesploso
3316642;8;20/05/2017 21:20;Strada Urbana;VIA TUSCOLANA;all'intersezione semaforizzata con;VIA PONZIO COMINIO;VIA PONZIO COMINIO;;;Scontro laterale fra veicoli in marcia;Intersezione semaforizzata;Una carreggiata a doppio senso;Asciutto;Asfaltata;Verticale ed orizzontale;Sereno;Normale;Buona;Sufficiente;0;0;0;2;12,55708;41,85987;-1;1;Autovettura privata;In marcia / fermata / arresto;Conducente;M;Illeso;0;;Non accertato;Inesploso
3316642;8;20/05/2017 21:20;Strada Urbana;VIA TUSCOLANA;all'intersezione semaforizzata con;VIA PONZIO COMINIO;VIA PONZIO COMINIO;;;Scontro laterale fra veicoli in marcia;Intersezione semaforizzata;Una carreggiata a doppio senso;Asciutto;Asfaltata;Verticale ed orizzontale;Sereno;Normale;Buona;Sufficiente;0;0;0;2;12,55708;41,85987;-1;2;Autovettura privata;In marcia / fermata / arresto;Conducente;F;Illeso;0;;Non accertato;Inesploso
3316646;8;21/05/2017 17:20;Strada Urbana;VIA DEL FOSSO DELL'OSA;in corrispondenza;;del civico n.;581;;Veicolo in marcia contro ostacolo accidentale;Rettilineo;Una carreggiata a doppio senso;Asciutto;Asfaltata;Verticale ed orizzontale;Sereno;Normale;Sufficiente;Ore Diurne;0;0;0;3;12,67836;41,91402;-1;1;Autovettura privata;In marcia / fermata / arresto;Conducente;M;Illeso;0;;Non accertato;Inesploso
3316646;8;21/05/2017 17:20;Strada Urbana;VIA DEL FOSSO DELL'OSA;in corrispondenza;;del civico n.;581;;Veicolo in marcia contro ostacolo accidentale;Rettilineo;Una carreggiata a doppio senso;Asciutto;Asfaltata;Verticale ed orizzontale;Sereno;Normale;Sufficiente;Ore Diurne;0;0;0;3;12,67836;41,91402;-1;1;Autovettura privata;In marcia / fermata / arresto;Passeggero;F;Illeso;0;;Non accertato;Inesploso
3316646;8;21/05/2017 17:20;Strada Urbana;VIA DEL FOSSO DELL'OSA;in corrispondenza;;del civico n.;581;;Veicolo in marcia contro ostacolo accidentale;Rettilineo;Una carreggiata a doppio senso;Asciutto;Asfaltata;Verticale ed orizzontale;Sereno;Normale;Sufficiente;Ore Diurne;0;0;0;3;12,67836;41,91402;-1;1;Autovettura privata;In marcia / fermata / arresto;Passeggero;F;Illeso;0;;Non accertato;Inesploso
3316647;12;19/05/2017 09:25;Strada Urbana;VIA LAURENTINA;da specificare;;;;altezza civ. 613;Tamponamento Multiplo;Rettilineo;Due carreggiate;Asciutto;Asfaltata;Verticale;Sereno;Normale;Buona;Ore Diurne;1;0;0;5;12,50882;41,72747;-1;1;Autovettura privata;In marcia / fermata / arresto;Conducente;F;Illeso;0;;Utilizzato;Inesploso
3316647;12;19/05/2017 09:25;Strada Urbana;VIA LAURENTINA;da specificare;;;;altezza civ. 613;Tamponamento Multiplo;Rettilineo;Due carreggiate;Asciutto;Asfaltata;Verticale;Sereno;Normale;Buona;Ore Diurne;1;0;0;5;12,50882;41,72747;-1;2;Motociclo a solo;In marcia / fermata / arresto;Conducente;M;Rimandato;0;NON DECEDUTO;Utilizzato;
3316647;12;19/05/2017 09:25;Strada Urbana;VIA LAURENTINA;da specificare;;;;altezza civ. 613;Tamponamento Multiplo;Rettilineo;Due carreggiate;Asciutto;Asfaltata;Verticale;Sereno;Normale;Buona;Ore Diurne;1;0;0;5;12,50882;41,72747;-1;3;Autovettura privata;In marcia / fermata / arresto;Conducente;F;Illeso;0;;Utilizzato;Inesploso
3316647;12;19/05/2017 09:25;Strada Urbana;VIA LAURENTINA;da specificare;;;;altezza civ. 613;Tamponamento Multiplo;Rettilineo;Due carreggiate;Asciutto;Asfaltata;Verticale;Sereno;Normale;Buona;Ore Diurne;1;0;0;5;12,50882;41,72747;-1;4;Autovettura privata;In marcia / fermata / arresto;Conducente;M;Illeso;0;;Utilizzato;Inesploso
3316647;12;19/05/2017 09:25;Strada Urbana;VIA LAURENTINA;da specificare;;;;altezza civ. 613;Tamponamento Multiplo;Rettilineo;Due carreggiate;Asciutto;Asfaltata;Verticale;Sereno;Normale;Buona;Ore Diurne;1;0;0;5;12,50882;41,72747;-1;4;Autovettura privata;In marcia / fermata / arresto;Passeggero;F;Illeso;0;;Utilizzato;Inesploso
3316647;12;19/05/2017 09:25;Strada Urbana;VIA LAURENTINA;da specificare;;;;altezza civ. 613;Tamponamento Multiplo;Rettilineo;Due carreggiate;Asciutto;Asfaltata;Verticale;Sereno;Normale;Buona;Ore Diurne;1;0;0;5;12,50882;41,72747;-1;4;Autovettura privata;In marcia / fermata / arresto;Passeggero;M;Illeso;0;;Utilizzato;Inesploso
3316648;19;22/05/2017 08:45;Strada Urbana;VIALE DELLE MEDAGLIE D'ORO;in prossimità;;del civico n.;138;;Scontro laterale fra veicoli in marcia;Rettilineo;Una carreggiata a doppio senso;Asciutto;Asfaltata;Verticale ed orizzontale;Sereno;Normale;Buona;Ore Diurne;1;0;0;1;12,44362;41,91413;-1;1;Autovettura privata;In marcia / fermata / arresto;Conducente;M;Illeso;0;;Non accertato;
3316648;19;22/05/2017 08:45;Strada Urbana;VIALE DELLE MEDAGLIE D'ORO;in prossimità;;del civico n.;138;;Scontro laterale fra veicoli in marcia;Rettilineo;Una carreggiata a doppio senso;Asciutto;Asfaltata;Verticale ed orizzontale;Sereno;Normale;Buona;Ore Diurne;1;0;0;1;12,44362;41,91413;-1;2;Motociclo a solo;In marcia / fermata / arresto;Conducente;M;Rimandato;0;NON DECEDUTO;;
3316649;8;20/05/2017 12:45;Strada Urbana;VIALE DUILIO CAMBELLOTTI;in prossimità;;del civico n.;121;;Veicolo in marcia contro ostacolo fisso;Rettilineo;Due carreggiate;Bagnato (umidità in atto);Asfaltata;Verticale ed orizzontale;Nuvoloso;Scarso;Buona;Ore Diurne;0;0;0;6;12,6313;41,86854;-1;1;Autovettura privata;In marcia / fermata / arresto;Conducente;M;Illeso;0;;Non accertato;Inesploso
3316649;8;20/05/2017 12:45;Strada Urbana;VIALE DUILIO CAMBELLOTTI;in prossimità;;del civico n.;121;;Veicolo in marcia contro ostacolo fisso;Rettilineo;Due carreggiate;Bagnato (umidità in atto);Asfaltata;Verticale ed orizzontale;Nuvoloso;Scarso;Buona;Ore Diurne;0;0;0;6;12,6313;41,86854;-1;1;Autovettura privata;In marcia / fermata / arresto;Passeggero;F;Illeso;0;;Non accertato;Inesploso
3316649;8;20/05/2017 12:45;Strada Urbana;VIALE DUILIO CAMBELLOTTI;in prossimità;;del civico n.;121;;Veicolo in marcia contro ostacolo fisso;Rettilineo;Due carreggiate;Bagnato (umidità in atto);Asfaltata;Verticale ed orizzontale;Nuvoloso;Scarso;Buona;Ore Diurne;0;0;0;6;12,6313;41,86854;-1;1;Autovettura privata;In marcia / fermata / arresto;Passeggero;F;Illeso;0;;Non accertato;Inesploso
3316649;8;20/05/2017 12:45;Strada Urbana;VIALE DUILIO CAMBELLOTTI;in prossimità;;del civico n.;121;;Veicolo in marcia contro ostacolo fisso;Rettilineo;Due carreggiate;Bagnato (umidità in atto);Asfaltata;Verticale ed orizzontale;Nuvoloso;Scarso;Buona;Ore Diurne;0;0;0;6;12,6313;41,86854;-1;1;Autovettura privata;In marcia / fermata / arresto;Passeggero;M;Illeso;0;;Non accertato;Inesploso
3316649;8;20/05/2017 12:45;Strada Urbana;VIALE DUILIO CAMBELLOTTI;in prossimità;;del civico n.;121;;Veicolo in marcia contro ostacolo fisso;Rettilineo;Due carreggiate;Bagnato (umidità in atto);Asfaltata;Verticale ed orizzontale;Nuvoloso;Scarso;Buona;Ore Diurne;0;0;0;6;12,6313;41,86854;-1;2;Autovettura privata;In marcia / fermata / arresto;Conducente;M;Illeso;0;;Non accertato;Inesploso
3316649;8;20/05/2017 12:45;Strada Urbana;VIALE DUILIO CAMBELLOTTI;in prossimità;;del civico n.;121;;Veicolo in marcia contro ostacolo fisso;Rettilineo;Due carreggiate;Bagnato (umidità in atto);Asfaltata;Verticale ed orizzontale;Nuvoloso;Scarso;Buona;Ore Diurne;0;0;0;6;12,6313;41,86854;-1;2;Autovettura privata;In marcia / fermata / arresto;Passeggero;M;Illeso;0;;Non accertato;Inesploso
3316664;16;19/05/2017 15:15;Strada Urbana;VIA DI DONNA OLIMPIA;all'intersezione con;VIA UGO BETTI;VIA UGO BETTI;;;Scontro laterale fra veicoli in marcia;Incrocio;Una carreggiata a doppio senso;Asciutto;Asfaltata;Orizzontale;Sereno;Normale;Buona;Ore Diurne;1;0;0;1;12,45353;41,87674;-1;1;Autovettura privata;In marcia / fermata / arresto;Conducente;M;Illeso;0;;;
3316664;16;19/05/2017 15:15;Strada Urbana;VIA DI DONNA OLIMPIA;all'intersezione con;VIA UGO BETTI;VIA UGO BETTI;;;Scontro laterale fra veicoli in marcia;Incrocio;Una carreggiata a doppio senso;Asciutto;Asfaltata;Orizzontale;Sereno;Normale;Buona;Ore Diurne;1;0;0;1;12,45353;41,87674;-1;2;Motociclo a solo;In marcia / fermata / arresto;Conducente;M;Rimandato;0;NON DECEDUTO;Non accertato;
3316692;3;21/05/2017 10:30;Strada Urbana;PIAZZALE DEL VERANO;da specificare;;;;altezza riquadro 12 dis;Infortunio per sola frenata improvvisa;Rettilineo;Una carreggiata a senso unico di marcia;Asciutto;Asfaltata;Verticale ed orizzontale;Sereno;Scarso;Buona;Ore Diurne;0;0;0;5;12,52197;41,8997;-1;1;Autovettura privata;In marcia / fermata / arresto;Conducente;M;Illeso;0;;Non accertato;Inesploso