Protocollo;Gruppo;DataOraIncidente;Localizzazione1;STRADA1;Localizzazione2;STRADA2;Strada02;Chilometrica;DaSpecificare;NaturaIncidente;particolaritastrade;TipoStrada;FondoStradale;Pavimentazione;Segnaletica;CondizioneAtmosferica;Traffico;Visibilita;Illuminazione;NUM_FERITI;NUM_RISERVATA;NUM_MORTI;NUM_ILLESI;Longitudine;Latitudine;Confermato;Progressivo;TipoVeicolo;StatoVeicolo;TipoPersona;Sesso;Tipolesione;Deceduto;DecedutoDopo;CinturaCascoUtilizzato;Airbag
3316692;3;21/05/2017 10:30;Strada Urbana;PIAZZALE DEL VERANO;da specificare;;;;altezza riquadro 12 dis;Infortunio per sola frenata improvvisa;Rettilineo;Una carreggiata a senso unico di marcia;Asciutto;Asfaltata;Verticale ed orizzontale;Sereno;Scarso;Buona;Ore Diurne;0;0;0;5;12,52197;41,8997;-1;1;Autovettura privata;In marcia / fermata / arresto;Passeggero;F;Illeso;0;;Non accertato;Inesploso
3316692;3;21/05/2017 10:30;Strada Urbana;PIAZZALE DEL VERANO;da specificare;;;;altezza riquadro 12 dis;Infortunio per sola frenata improvvisa;Rettilineo;Una carreggiata a senso unico di marcia;Asciutto;Asfaltata;Verticale ed orizzontale;Sereno;Scarso;Buona;Ore Diurne;0;0;0;5;12,52197;41,8997;-1;1;Autovettura privata;In marcia / fermata / arresto;Passeggero;M;Illeso;0;;Non accertato;Inesploso
3316692;3;21/05/2017 10:30;Strada Urbana;PIAZZALE DEL VERANO;da specificare;;;;altezza riquadro 12 dis;Infortunio per sola frenata improvvisa;Rettilineo;Una carreggiata a senso unico di marcia;Asciutto;Asfaltata;Verticale ed orizzontale;Sereno;Scarso;Buona;Ore Diurne;0;0;0;5;12,52197;41,8997;-1;1;Autovettura privata;In marcia / fermata / arresto;Passeggero;M;Illeso;0;;Non accertato;Inesploso
3316692;3;21/05/2017 10:30;Strada Urbana;PIAZZALE DEL VERANO;da specificare;;;;altezza riquadro 12 dis;Infortunio per sola frenata improvvisa;Rettilineo;Una carreggiata a senso unico di marcia;Asciutto;Asfaltata;Verticale ed orizzontale;Sereno;Scarso;Buona;Ore Diurne;0;0;0;5;12,52197;41,8997;-1;1;Autovettura privata;In marcia / fermata / arresto;Passeggero;M;Illeso;0;;Non accertato;Inesploso
3316695;2;20/05/2017 04:05;Strada Urbana;LUNGOTEVERE DELLE NAVI;da specificare;;;;alt. Ministero della Marina;Veicolo in marcia contro ostacolo fisso;Rettilineo;Una carreggiata a senso unico di marcia;Bagnato (umidità in atto);Asfaltata;Verticale ed orizzontale;Nuvoloso;Scarso;Sufficiente;Sufficiente;0;0;0;1;12,47158;41,91664;-1;1;Motociclo a solo;In marcia / fermata / arresto;Conducente;M;Illeso;0;;;
3316700;2;20/05/2017 08:30;Strada Urbana;VIALE DEL MURO TORTO;da specificare;;;;dir. Flaminio alt. sottopasso p.le Brasile;Scontro laterale fra veicoli in marcia;Curva senza visuale libera;Una carreggiata a senso unico di marcia;Asciutto;Asfaltata;Orizzontale;Nuvoloso;Scarso;Buona;Ore Diurne;0;0;0;3;12,4817;41,91072;-1;1;Autocarro inferiore 35 q.;In marcia / fermata / arresto;Conducente;M;Illeso;0;;Non accertato;Inesploso
3316700;2;20/05/2017 08:30;Strada Urbana;VIALE DEL MURO TORTO;da specificare;;;;dir. Flaminio alt. sottopasso p.le Brasile;Scontro laterale fra veicoli in marcia;Curva senza visuale libera;Una carreggiata a senso unico di marcia;Asciutto;Asfaltata;Orizzontale;Nuvoloso;Scarso;Buona;Ore Diurne;0;0;0;3;12,4817;41,91072;-1;2;Autocarro inferiore 35 q.;In marcia / fermata / arresto;Conducente;M;Illeso;0;;Non accertato;Inesploso
3316700;2;20/05/2017 08:30;Strada Urbana;VIALE DEL MURO TORTO;da specificare;;;;dir. Flaminio alt. sottopasso p.le Brasile;Scontro laterale fra veicoli in marcia;Curva senza visuale libera;Una carreggiata a senso unico di marcia;Asciutto;Asfaltata;Orizzontale;Nuvoloso;Scarso;Buona;Ore Diurne;0;0;0;3;12,4817;41,91072;-1;2;Autocarro inferiore 35 q.;In marcia / fermata / arresto;Passeggero;M;Illeso;0;;Non accertato;Inesploso
3316704;2;20/05/2017 01:15;Strada Urbana;VIA NOMENTANA;in prossimità;;del civico n.;387;;Veicolo in marcia contro ostacolo fisso;Rettilineo;Più di due carreggiate;Bagnato (pioggia);Asfaltata;Orizzontale;Pioggia in atto;Normale;Sufficiente;Sufficiente;1;0;0;1;12,52234;41,92576;-1;1;Autovettura privata;In marcia / fermata / arresto;Conducente;M;Illeso;0;;Non accertato;Esploso
3316704;2;20/05/2017 01:15;Strada Urbana;VIA NOMENTANA;in prossimità;;del civico n.;387;;Veicolo in marcia contro ostacolo fisso;Rettilineo;Più di due carreggiate;Bagnato (pioggia);Asfaltata;Orizzontale;Pioggia in atto;Normale;Sufficiente;Sufficiente;1;0;0;1;12,52234;41,92576;-1;1;Autovettura privata;In marcia / fermata / arresto;Passeggero;F;Rimandato;0;NON DECEDUTO;Non accertato;Esploso
3316715;2;20/05/2017 10:00;Strada Urbana;PIAZZALE BRASILE;da specificare;;;;fr. via Pinciana;Scontro laterale fra veicoli in marcia;Rettilineo;Una carreggiata a doppio senso;Bagnato (pioggia);Asfaltata;Verticale ed orizzontale;Pioggia in atto;Normale;Buona;Ore Diurne;0;0;0;3;12,48917;41,90997;-1;1;Autobus turistico;In marcia / fermata / arresto;Conducente;M;Illeso;0;;Non accertato;Inesploso
3316715;2;20/05/2017 10:00;Strada Urbana;PIAZZALE BRASILE;da specificare;;;;fr. via Pinciana;Scontro laterale fra veicoli in marcia;Rettilineo;Una carreggiata a doppio senso;Bagnato (pioggia);Asfaltata;Verticale ed orizzontale;Pioggia in atto;Normale;Buona;Ore Diurne;0;0;0;3;12,48917;41,90997;-1;2;Autovettura privata;In marcia / fermata / arresto;Conducente;M;Illeso;0;;Non accertato;Inesploso
3316715;2;20/05/2017 10:00;Strada Urbana;PIAZZALE BRASILE;da specificare;;;;fr. via Pinciana;Scontro laterale fra veicoli in marcia;Rettilineo;Una carreggiata a doppio senso;Bagnato (pioggia);Asfaltata;Verticale ed orizzontale;Pioggia in atto;Normale;Buona;Ore Diurne;0;0;0;3;12,48917;41,90997;-1;2;Autovettura privata;In marcia / fermata / arresto;Passeggero;F;Illeso;0;;;
3316720;2;20/05/2017 10:40;Strada Urbana;SOTTOVIA IGNAZIO GUIDI;da specificare;;;;dir. p.le Brasile alt. rampa p.le Brasile;Veicolo in marcia contro ostacolo fisso;Curva a visuale libera;Due carreggiate;Bagnato (pioggia);Asfaltata;Verticale ed orizzontale;Pioggia in atto;Normale;Buona;Ore Diurne;0;0;0;1;12,49038;41,91009;-1;1;Autovettura privata;In marcia / fermata / arresto;Conducente;M;Illeso;0;;;
3316723;2;20/05/2017 11:00;Strada Urbana;SOTTOVIA IGNAZIO GUIDI;da specificare;;;;alt. corso D'Italia fr. civ. 6;Veicolo in marcia contro ostacolo fisso;Rettilineo;Due carreggiate;Bagnato (pioggia);Asfaltata;Verticale ed orizzontale;Pioggia in atto;Normale;Buona;Ore Diurne;0;0;0;1;12,4984;41,91092;-1;1;Autovettura privata;In marcia / fermata / arresto;Conducente;F;Illeso;0;;;
3316731;2;20/05/2017 12:10;Strada Urbana;SOTTOVIA IGNAZIO GUIDI;da specificare;;;;alt. c.so D'Italia fr. civ. 3A dir. p.zza Fiume;Veicolo in marcia contro veicolo fermo;Rettilineo;Due carreggiate;Bagnato (umidità in atto);Asfaltata;Verticale ed orizzontale;Nebbia;Normale;Buona;Ore Diurne;0;0;0;2;12,49054;41,91012;-1;1;Autovettura privata;In marcia / fermata / arresto;Conducente;F;Illeso;0;;;
3316731;2;20/05/2017 12:10;Strada Urbana;SOTTOVIA IGNAZIO GUIDI;da specificare;;;;alt. c.so D'Italia fr. civ. 3A dir. p.zza Fiume;Veicolo in marcia contro veicolo fermo;Rettilineo;Due carreggiate;Bagnato (umidità in atto);Asfaltata;Verticale ed orizzontale;Nebbia;Normale;Buona;Ore Diurne;0;0;0;2;12,49054;41,91012;-1;2;Autocarro inferiore 35 q.;In marcia / fermata / arresto;Conducente;M;Illeso;0;;;
3316732;12;20/05/2017 18:30;Strada Urbana;VIALE DELL'OCEANO ATLANTICO;da specificare;;;;direzione Viale Umanesimo prox P.le 25/3/1957;Scontro frontale/laterale SX fra veicoli in marcia;Curva a visuale libera;Due carreggiate;Asciutto;Asfaltata;Verticale ed orizzontale;Sereno;Intenso;Buona;Ore Diurne;1;0;0;1;12,46359;41,81825;-1;1;Autovettura privata;In marcia / fermata / arresto;Conducente;M;Illeso;0;;Utilizzato;Inesploso
3316732;12;20/05/2017 18:30;Strada Urbana;VIALE DELL'OCEANO ATLANTICO;da specificare;;;;direzione Viale Umanesimo prox P.le 25/3/1957;Scontro frontale/laterale SX fra veicoli in marcia;Curva a visuale libera;Due carreggiate;Asciutto;Asfaltata;Verticale ed orizzontale;Sereno;Intenso;Buona;Ore Diurne;1;0;0;1;12,46359;41,81825;-1;2;Autovettura privata;In marcia / fermata / arresto;Conducente;M;Rimandato;0;NON DECEDUTO;Utilizzato;Inesploso
3316735;2;20/05/2017 13:00;Strada Urbana;VIA OFANTO;all'intersezione con;VIA BASENTO;VIA BASENTO;;;Veicolo in marcia contro veicolo in sosta;Incrocio;Una carreggiata a senso unico di marcia;Asciutto;Asfaltata;Verticale ed orizzontale;Sereno;Normale;Buona;Ore Diurne;0;0;0;1;12,49813;41,91582;-1;1;Autocarro inferiore 35 q.;In marcia / fermata / arresto;Conducente;M;Illeso;0;;;
3316737;12;18/05/2017 20:50;Strada Urbana;VIALE DELL'ARTE;da specificare;;;;ALTEZZA CIV. 40;Scontro frontale/laterale SX fra veicoli in marcia;Rettilineo;Una carreggiata a doppio senso;Asciutto;Asfaltata;Verticale ed orizzontale;Sereno;Scarso;Sufficiente;Sufficiente;1;0;0;1;12,47445;41,82978;-1;1;Autovettura privata;In marcia / fermata / arresto;Conducente;M;Illeso;0;;Utilizzato;Inesploso
3316737;12;18/05/2017 20:50;Strada Urbana;VIALE DELL'ARTE;da specificare;;;;ALTEZZA CIV. 40;Scontro frontale/laterale SX fra veicoli in marcia;Rettilineo;Una carreggiata a doppio senso;Asciutto;Asfaltata;Verticale ed orizzontale;Sereno;Scarso;Sufficiente;Sufficiente;1;0;0;1;12,47445;41,82978;-1;2;Motociclo a solo;In marcia / fermata / arresto;Conducente;M;Rimandato;0;NON DECEDUTO;Utilizzato;
3316747;12;19/05/2017 07:40;Strada Urbana;VIA DI CASTEL DI LEVA;da specificare;;;;rotatoria per Via Laurentina;Scontro laterale fra veicoli in marcia;Rotatoria;Una carreggiata a senso unico di marcia;Asciutto;Asfaltata;Verticale;Sereno;Intenso;Buona;Ore Diurne;0;0;0;3;12,51649;41,78744;-1;1;Autovettura privata;In marcia / fermata / arresto;Conducente;M;Illeso;0;;Utilizzato;Inesploso
3316747;12;19/05/2017 07:40;Strada Urbana;VIA DI CASTEL DI LEVA;da specificare;;;;rotatoria per Via Laurentina;Scontro laterale fra veicoli in marcia;Rotatoria;Una carreggiata a senso unico di marcia;Asciutto;Asfaltata;Verticale;Sereno;Intenso;Buona;Ore Diurne;0;0;0;3;12,51649;41,78744;-1;2;Autovettura privata;In marcia / fermata / arresto;Conducente;M;Illeso;0;;Utilizzato;Inesploso
3316747;12;19/05/2017 07:40;Strada Urbana;VIA DI CASTEL DI LEVA;da specificare;;;;rotatoria per Via Laurentina;Scontro laterale fra veicoli in marcia;Rotatoria;Una carreggiata a senso unico di marcia;Asciutto;Asfaltata;Verticale;Sereno;Intenso;Buona;Ore Diurne;0;0;0;3;12,51649;41,78744;-1;2;Autovettura privata;In marcia / fermata / arresto;Passeggero;M;Illeso;0;;Utilizzato;Inesploso
3316751;2;20/05/2017 19:15;Strada Urbana;VIA GIAMBATTISTA VICO;all'intersezione con;VIA DEGLI SCIALOJA;VIA DEGLI SCIALOJA;;;Veicolo in marcia contro veicoli in sosta;Intersezione semaforizzata;Una carreggiata a doppio senso;Asciutto;Asfaltata;Verticale ed orizzontale;Sereno;Normale;Buona;Ore Diurne;1;0;0;0;12,47424;41,91348;-1;1;Veicolo a braccia;In marcia / fermata / arresto;Conducente;F;Rifiuta cure immediate;0;NON DECEDUTO;Esente;
3316755;2;21/05/2017 14:00;Strada Urbana;VIA SALARIA;in prossimità;;del civico n.;211;;Investimento di pedone;Rettilineo;Una carreggiata a doppio senso;Asciutto;Asfaltata;Verticale ed orizzontale;Sereno;Scarso;Buona;Ore Diurne;1;0;0;1;12,49767;41,91893;-1;;;;Pedone;F;Rimandato;0;NON DECEDUTO;;
3316755;2;21/05/2017 14:00;Strada Urbana;VIA SALARIA;in prossimità;;del civico n.;211;;Investimento di pedone;Rettilineo;Una carreggiata a doppio senso;Asciutto;Asfaltata;Verticale ed orizzontale;Sereno;Scarso;Buona;Ore Diurne;1;0;0;1;12,49767;41,91893;-1;1;Motociclo a solo;In marcia / fermata / arresto;Conducente;M;Illeso;0;;Non accertato;
3316763;10;22/05/2017 10:45;Strada Urbana;VIA TUSCOLANA;in corrispondenza;;del civico n.;825;;Tamponamento Multiplo;Rettilineo;Una carreggiata a senso unico di marcia;Asciutto;Asfaltata;Orizzontale;Sereno;Normale;Buona;Ore Diurne;0;0;0;5;12,55871;41,85905;-1;1;Autovettura privata;In marcia / fermata / arresto;Conducente;M;Illeso;0;;Non accertato;Inesploso
3316763;10;22/05/2017 10:45;Strada Urbana;VIA TUSCOLANA;in corrispondenza;;del civico n.;825;;Tamponamento Multiplo;Rettilineo;Una carreggiata a senso unico di marcia;Asciutto;Asfaltata;Orizzontale;Sereno;Normale;Buona;Ore Diurne;0;0;0;5;12,55871;41,85905;-1;1;Autovettura privata;In marcia / fermata / arresto;Passeggero;M;Illeso;0;;Non accertato;Inesploso
3316763;10;22/05/2017 10:45;Strada Urbana;VIA TUSCOLANA;in corrispondenza;;del civico n.;825;;Tamponamento Multiplo;Rettilineo;Una carreggiata a senso unico di marcia;Asciutto;Asfaltata;Orizzontale;Sereno;Normale;Buona;Ore Diurne;0;0;0;5;12,55871;41,85905;-1;2;Motociclo a solo;In marcia / fermata / arresto;Conducente;M;Illeso;0;;Non accertato;
3316763;10;22/05/2017 10:45;Strada Urbana;VIA TUSCOLANA;in corrispondenza;;del civico n.;825;;Tamponamento Multiplo;Rettilineo;Una carreggiata a senso unico di marcia;Asciutto;Asfaltata;Orizzontale;Sereno;Normale;Buona;Ore Diurne;0;0;0;5;12,55871;41,85905;-1;3;Autovettura privata;In marcia / fermata / arresto;Conducente;M;Illeso;0;;Non accertato;Inesploso
3316763;10;22/05/2017 10:45;Strada Urbana;VIA TUSCOLANA;in corrispondenza;;del civico n.;825;;Tamponamento Multiplo;Rettilineo;Una carreggiata a senso unico di marcia;Asciutto;Asfaltata;Orizzontale;Sereno;Normale;Buona;Ore Diurne;0;0;0;5;12,55871;41,85905;-1;4;Autovettura privata;In marcia / fermata / arresto;Conducente;M;Illeso;0;;Non accertato;Inesploso
3316765;2;21/05/2017 17:15;Strada Urbana;LUNGOTEVERE FLAMINIO;in prossimità;;del palo luce n.;3;;Veicolo in marcia contro veicolo in sosta;Rettilineo;Una carreggiata a doppio senso;Asciutto;Asfaltata;Verticale ed orizzontale;Sereno;Scarso;Buona;Ore Diurne;0;0;0;1;12,4612;41,92873;-1;1;Motociclo a solo;In marcia / fermata / arresto;Conducente;M;Illeso;0;;;
3316768;2;21/05/2017 18:00;Strada Urbana;VIALE DELLA MOSCHEA;in prossimità;;del palo luce n.;89;;Veicolo in marcia contro ostacolo accidentale;Rettilineo;Una carreggiata a doppio senso;Asciutto;Asfaltata;Verticale ed orizzontale;Sereno;Normale;Buona;Ore Diurne;0;0;0;1;12,49304;41,93375;-1;1;Autovettura privata;In marcia / fermata / arresto;Conducente;M;Illeso;0;;Non accertato;Inesploso
3316785;12;22/05/2017 11:00;Strada Urbana;VIA DELLA DIVISIONE FOLGORE;all'intersezione con;VIALE DELL'ESERCITO;VIALE DELL'ESERCITO;;;Veicolo in marcia contro veicoli in sosta;Incrocio;Due carreggiate;Asciutto;Asfaltata;Verticale ed orizzontale;Sereno;Scarso;Buona;Ore Diurne;0;0;0;1;12,48636;41,81371;-1;1;Autobus turistico;In marcia / fermata / arresto;Conducente;M;Illeso;0;;Utilizzato;Inesploso
3316889;10;21/05/2017 14:30;Strada Urbana;VIA RANUCCIO BIANCHI BANDINELLI;da specificare;;;;altezza incrocio Via Lucrezia Romana;Veicolo in marcia contro ostacolo accidentale;Rettilineo;Una carreggiata a doppio senso;Asciutto;Asfaltata;Assente;Sereno;Normale;Buona;Ore Diurne;0;0;0;1;12,58408;41,82002;-1;1;Autovettura privata;In marcia / fermata / arresto;Conducente;M;Illeso;0;;Non accertato;Inesploso
3316901;12;22/05/2017 11:20;Comunale extraurbana;VIA DI TRIGORIA;da specificare;;;;pross. civico 275;Veicolo in marcia contro ostacolo accidentale;Pendenza;Una carreggiata a doppio senso;Asciutto;Strada pavimentata dissestata;Verticale;Sereno;Scarso;Buona;Ore Diurne;0;0;0;1;12,45913;41,73363;-1;1;Autovettura privata;In marcia / fermata / arresto;Conducente;M;Illeso;0;;Utilizzato;Inesploso
3316902;17;20/05/2017 11:25;Strada Urbana;VIA COLA DI RIENZO;in prossimità;;del civico n.;13;;Scontro frontale fra veicoli in marcia;Rettilineo;Una carreggiata a senso unico di marcia;Bagnato (pioggia);Lastricata;Verticale ed orizzontale;Pioggia in atto;Normale;Sufficiente;Ore Diurne;1;0;0;1;12,47007;41,90917;-1;1;Autovettura privata;In marcia / fermata / arresto;Conducente;F;Illeso;0;;Non accertato;Inesploso
3316902;17;20/05/2017 11:25;Strada Urbana;VIA COLA DI RIENZO;in prossimità;;del civico n.;13;;Scontro frontale fra veicoli in marcia;Rettilineo;Una carreggiata a senso unico di marcia;Bagnato (pioggia);Lastricata;Verticale ed orizzontale;Pioggia in atto;Normale;Sufficiente;Ore Diurne;1;0;0;1;12,47007;41,90917;-1;2;Motociclo a solo;In marcia / fermata / arresto;Conducente;F;Rimandato;0;NON DECEDUTO;;
3316920;6;22/05/2017 09:40;Strada Urbana;LARGO AGOSTA;all'intersezione con;VIA CASTELFORTE;VIA CASTELFORTE;;;Scontro frontale/laterale SX fra veicoli in marcia;Incrocio;Una carreggiata a doppio senso;Asciutto;Asfaltata;Verticale ed orizzontale;Sereno;Normale;Buona;Ore Diurne;0;0;0;2;12,55747;41,89146;-1;1;Quadriciclo leggero;In marcia / fermata / arresto;Conducente;M;Illeso;0;;;
3316920;6;22/05/2017 09:40;Strada Urbana;LARGO AGOSTA;all'intersezione con;VIA CASTELFORTE;VIA CASTELFORTE;;;Scontro frontale/laterale SX fra veicoli in marcia;Incrocio;Una carreggiata a doppio senso;Asciutto;Asfaltata;Verticale ed orizzontale;Sereno;Normale;Buona;Ore Diurne;0;0;0;2;12,55747;41,89146;-1;2;Autovettura privata;In marcia / fermata / arresto;Conducente;F;Illeso;0;;;
3316930;15;22/05/2017 07:50;Strada Urbana;VIA DEL TRULLO;da specificare;;;;FRONTE CIVICO 236;Investimento di pedone;Rettilineo;Due carreggiate;Asciutto;Asfaltata;Orizzontale;Sereno;Normale;Buona;Ore Diurne;1;0;0;1;12,43679;41,84304;-1;;;;Pedone;F;Rimandato;0;NON DECEDUTO;;
3316930;15;22/05/2017 07:50;Strada Urbana;VIA DEL TRULLO;da specificare;;;;FRONTE CIVICO 236;Investimento di pedone;Rettilineo;Due carreggiate;Asciutto;Asfaltata;Orizzontale;Sereno;Normale;Buona;Ore Diurne;1;0;0;1;12,43679;41,84304;-1;1;Motociclo a solo;In marcia / fermata / arresto;Conducente;M;Illeso;0;;;
3317032;17;21/05/2017 12:30;Strada Urbana;VIA ANASTASIO II;da specificare;;;;altezza distributore IP;Scontro laterale fra veicoli in marcia;Rettilineo;Due carreggiate;Asciutto;Asfaltata;Verticale ed orizzontale;Sereno;Normale;Buona;Ore Diurne;0;0;0;3;12,44249;41,89989;-1;1;Autovettura privata;In marcia / fermata / arresto;Conducente;M;Illeso;0;;;
3317032;17;21/05/2017 12:30;Strada Urbana;VIA ANASTASIO II;da specificare;;;;altezza distributore IP;Scontro laterale fra veicoli in marcia;Rettilineo;Due carreggiate;Asciutto;Asfaltata;Verticale ed orizzontale;Sereno;Normale;Buona;Ore Diurne;0;0;0;3;12,44249;41,89989;-1;2;Autovettura privata;In marcia / fermata / arresto;Conducente;M;Illeso;0;;Utilizzato;
3317032;17;21/05/2017 12:30;Strada Urbana;VIA ANASTASIO II;da specificare;;;;altezza distributore IP;Scontro laterale fra veicoli in marcia;Rettilineo;Due carreggiate;Asciutto;Asfaltata;Verticale ed orizzontale;Sereno;Normale;Buona;Ore Diurne;0;0;0;3;12,44249;41,89989;-1;2;Autovettura privata;In marcia / fermata / arresto;Passeggero;F;Illeso;0;;Utilizzato;Inesploso
3317070;16;19/05/2017 18:15;Strada Urbana;VIA AURELIA ANTICA;all'intersezione con;VIA DEL CASALE DI S. PIO V;VIA DEL CASALE DI S. PIO V;;;Scontro laterale fra veicoli in marcia;Intersezione stradale segnalata;Una carreggiata a senso unico di marcia;Asciutto;Asfaltata;Verticale ed orizzontale;Sereno;Intenso;Buona;Ore Diurne;0;0;0;2;12,43502;41,89017;-1;1;Autovettura privata;In marcia / fermata / arresto;Conducente;F;Illeso;0;;Non accertato;Inesploso
3317070;16;19/05/2017 18:15;Strada Urbana;VIA AURELIA ANTICA;all'intersezione con;VIA DEL CASALE DI S. PIO V;VIA DEL CASALE DI S. PIO V;;;Scontro laterale fra veicoli in marcia;Intersezione stradale segnalata;Una carreggiata a senso unico di marcia;Asciutto;Asfaltata;Verticale ed orizzontale;Sereno;Intenso;Buona;Ore Diurne;0;0;0;2;12,43502;41,89017;-1;2;Autovettura privata;In marcia / fermata / arresto;Conducente;M;Illeso;0;;Non accertato;Inesploso
3317080;16;20/05/2017 11:00;Strada Urbana;CIRCONVALLAZIONE GIANICOLENSE;in prossimità;;del civico n.;78;;Veicolo in marcia contro ostacolo accidentale;Curva a visuale libera;Più di due carreggiate;Bagnato (pioggia);Asfaltata;Verticale ed orizzontale;Pioggia in atto;Normale;Buona;Ore Diurne;1;0;0;0;12,45863;41,87137;-1;1;Autocarro inferiore 35 q.;In marcia / fermata / arresto;Conducente;M;Ricoverato;0;NON DECEDUTO;Non accertato;Inesploso
3317088;17;20/05/2017 14:00;Strada Urbana;LUNGOTEVERE TOR DI NONA;da specificare;;;;presso fermata bus atac la rondinella;Investimento di pedone;Rettilineo;Una carreggiata a senso unico di marcia;Asciutto;Asfaltata;Verticale ed orizzontale;Nuvoloso;Normale;Sufficiente;Ore Diurne;1;0;0;1;12,46694;41,90123;-1;;;;Pedone;M;Rimandato;0;NON DECEDUTO;;
3317088;17;20/05/2017 14:00;Strada Urbana;LUNGOTEVERE TOR DI NONA;da specificare;;;;presso fermata bus atac la rondinella;Investimento di pedone;Rettilineo;Una carreggiata a senso unico di marcia;Asciutto;Asfaltata;Verticale ed orizzontale;Nuvoloso;Normale;Sufficiente;Ore Diurne;1;0;0;1;12,46694;41,90123;-1;1;Autovettura privata;Allontanatosi;Conducente;M;Illeso;0;;;
3317102;16;21/05/2017 03:20;Strada Urbana;CLIVO RUTARIO;in corrispondenza;;del civico n.;48;;Veicolo in marcia contro veicoli in sosta;Rettilineo;Una carreggiata a senso unico di marcia;Asciutto;Asfaltata;Verticale ed orizzontale;Sereno;Scarso;Buona;Ore Diurne;0;0;0;1;12,45254;41,87986;-1;3;Autovettura privata;In marcia / fermata / arresto;Conducente;F;Illeso;0;;Non accertato;Inesploso
3317121;18;22/05/2017 09:00;Strada Urbana;VIA DI CASAL SELCE;in prossimità;;del civico n.;393;;Investimento di pedone;Rettilineo;Una carreggiata a doppio senso;Asciutto;Asfaltata;Verticale ed orizzontale;Sereno;Normale;Buona;Ore Diurne;2;0;0;1;12,35249;41,91697;-1;;;;Pedone;F;Rimandato;0;NON DECEDUTO;;
3317121;18;22/05/2017 09:00;Strada Urbana;VIA DI CASAL SELCE;in prossimità;;del civico n.;393;;Investimento di pedone;Rettilineo;Una carreggiata a doppio senso;Asciutto;Asfaltata;Verticale ed orizzontale;Sereno;Normale;Buona;Ore Diurne;2;0;0;1;12,35249;41,91697;-1;;;;Pedone;F;Rimandato;0;NON DECEDUTO;;
3317121;18;22/05/2017 09:00;Strada Urbana;VIA DI CASAL SELCE;in prossimità;;del civico n.;393;;Investimento di pedone;Rettilineo;Una carreggiata a doppio senso;Asciutto;Asfaltata;Verticale ed orizzontale;Sereno;Normale;Buona;Ore Diurne;2;0;0;1;12,35249;41,91697;-1;1;Autovettura privata;In marcia / fermata / arresto;Conducente;F;Illeso;0;;Non accertato;Inesploso
3317123;6;22/05/2017 14:50;Strada Urbana;VIA PRENESTINA;in prossimità;;del civico n.;41 E;;Tamponamento Multiplo;Rettilineo;Più di due carreggiate;Asciutto;Asfaltata;Orizzontale;Sereno;Normale;Buona;Ore Diurne;2;0;0;4;12,52284;41,89132;-1;1;Autovettura privata;In marcia / fermata / arresto;Conducente;M;Illeso;0;;Non accertato;Inesploso
3317123;6;22/05/2017 14:50;Strada Urbana;VIA PRENESTINA;in prossimità;;del civico n.;41 E;;Tamponamento Multiplo;Rettilineo;Più di due carreggiate;Asciutto;Asfaltata;Orizzontale;Sereno;Normale;Buona;Ore Diurne;2;0;0;4;12,52284;41,89132;-1;1;Autovettura privata;In marcia / fermata / arresto;Passeggero;M;Rifiuta cure immediate;0;NON DECEDUTO;Non accertato;Inesploso
3317123;6;22/05/2017 14:50;Strada Urbana;VIA PRENESTINA;in prossimità;;del civico n.;41 E;;Tamponamento Multiplo;Rettilineo;Più di due carreggiate;Asciutto;Asfaltata;Orizzontale;Sereno;Normale;Buona;Ore Diurne;2;0;0;4;12,52284;41,89132;-1;2;Autovettura privata;In marcia / fermata / arresto;Conducente;M;Illeso;0;;Non accertato;Inesploso
3317123;6;22/05/2017 14:50;Strada Urbana;VIA PRENESTINA;in prossimità;;del civico n.;41 E;;Tamponamento Multiplo;Rettilineo;Più di due carreggiate;Asciutto;Asfaltata;Orizzontale;Sereno;Normale;Buona;Ore Diurne;2;0;0;4;12,52284;41,89132;-1;2;Autovettura privata;In marcia / fermata / arresto;Passeggero;F;Rifiuta cure immediate;0;NON DECEDUTO;Non accertato;Inesploso
3317123;6;22/05/2017 14:50;Strada Urbana;VIA PRENESTINA;in prossimità;;del civico n.;41 E;;Tamponamento Multiplo;Rettilineo;Più di due carreggiate;Asciutto;Asfaltata;Orizzontale;Sereno;Normale;Buona;Ore Diurne;2;0;0;4;12,52284;41,89132;-1;3;Autovettura privata;In marcia / fermata / arresto;Conducente;F;Illeso;0;;;
3317123;6;22/05/2017 14:50;Strada Urbana;VIA PRENESTINA;in prossimità;;del civico n.;41 E;;Tamponamento Multiplo;Rettilineo;Più di due carreggiate;Asciutto;Asfaltata;Orizzontale;Sereno;Normale;Buona;Ore Diurne;2;0;0;4;12,52284;41,89132;-1;4;Autovettura privata;In marcia / fermata / arresto;Conducente;F;Illeso;0;;Non accertato;Inesploso
3317171;15;22/05/2017 09:50;Strada Urbana;VIA LEONARDO GREPPI;da specificare;;;;fronte civ. 88;Veicolo in marcia contro veicolo in sosta;Rettilineo;Una carreggiata a doppio senso;Asciutto;Asfaltata;Assente;Sereno;Normale;Buona;Ore Diurne;0;0;0;1;12,45882;41,86276;-1;1;Autovettura privata;In marcia / fermata / arresto;Conducente;M;Illeso;0;;;