Protocollo;Gruppo;DataOraIncidente;Localizzazione1;STRADA1;Localizzazione2;STRADA2;Strada02;Chilometrica;DaSpecificare;NaturaIncidente;particolaritastrade;TipoStrada;FondoStradale;Pavimentazione;Segnaletica;CondizioneAtmosferica;Traffico;Visibilita;Illuminazione;NUM_FERITI;NUM_RISERVATA;NUM_MORTI;NUM_ILLESI;Longitudine;Latitudine;Confermato;Progressivo;TipoVeicolo;StatoVeicolo;TipoPersona;Sesso;Tipolesione;Deceduto;DecedutoDopo;CinturaCascoUtilizzato;Airbag
3322721;15;25/05/2017 16:15;Strada Urbana;VIA PORTUENSE;in corrispondenza;;del civico n.;532;;Scontro frontale/laterale DX fra veicoli in marcia;Rettilineo;Una carreggiata a doppio senso;Asciutto;Asfaltata;Verticale ed orizzontale;Sereno;Normale;Buona;Ore Diurne;0;0;0;2;12,44752;41,8578;-1;1;Autovettura privata;In marcia / fermata / arresto;Conducente;M;Illeso;0;;Utilizzato;
3322721;15;25/05/2017 16:15;Strada Urbana;VIA PORTUENSE;in corrispondenza;;del civico n.;532;;Scontro frontale/laterale DX fra veicoli in marcia;Rettilineo;Una carreggiata a doppio senso;Asciutto;Asfaltata;Verticale ed orizzontale;Sereno;Normale;Buona;Ore Diurne;0;0;0;2;12,44752;41,8578;-1;2;Autovettura privata;In marcia / fermata / arresto;Conducente;M;Illeso;0;;Non accertato;
3322758;3;24/05/2017 18:00;Strada Urbana;VIA RODOLFO LANCIANI;in prossimità;;del civico n.;58;;Investimento di pedone;Rettilineo;Due carreggiate;Asciutto;Asfaltata;Verticale ed orizzontale;Sereno;Normale;Buona;Ore Diurne;1;0;0;1;12,5241;41,92107;-1;;;;Pedone;F;Ricoverato;0;NON DECEDUTO;;
3322758;3;24/05/2017 18:00;Strada Urbana;VIA RODOLFO LANCIANI;in prossimità;;del civico n.;58;;Investimento di pedone;Rettilineo;Due carreggiate;Asciutto;Asfaltata;Verticale ed orizzontale;Sereno;Normale;Buona;Ore Diurne;1;0;0;1;12,5241;41,92107;-1;1;Autovettura privata;In marcia / fermata / arresto;Conducente;F;Illeso;0;;Non accertato;Inesploso
3322764;9;25/05/2017 15:45;Strada Urbana;VIA APPIA NUOVA;in corrispondenza;;del civico n.;242;;Investimento di pedone;Rettilineo;Due carreggiate;Asciutto;Asfaltata;Verticale ed orizzontale;Sereno;Normale;Buona;Ore Diurne;0;0;0;2;12,51586;41,88023;-1;;;;Pedone;F;Illeso;0;;;
3322764;9;25/05/2017 15:45;Strada Urbana;VIA APPIA NUOVA;in corrispondenza;;del civico n.;242;;Investimento di pedone;Rettilineo;Due carreggiate;Asciutto;Asfaltata;Verticale ed orizzontale;Sereno;Normale;Buona;Ore Diurne;0;0;0;2;12,51586;41,88023;-1;1;Motociclo a solo;In marcia / fermata / arresto;Conducente;M;Illeso;0;;Non accertato;
3322787;16;24/05/2017 13:10;Strada Urbana;CIRCONVALLAZIONE GIANICOLENSE;all'intersezione semaforizzata con;VIA QUIRINO MAJORANA;VIA QUIRINO MAJORANA;;;Infortunio per sola frenata improvvisa;Intersezione semaforizzata;Più di due carreggiate;Asciutto;Asfaltata;Verticale ed orizzontale;Sereno;Normale;Buona;Ore Diurne;1;0;0;0;12,44956;41,87247;-1;1;Motociclo a solo;In marcia / fermata / arresto;Conducente;M;Rimandato;0;NON DECEDUTO;Non accertato;
3322796;16;24/05/2017 14:10;Strada Urbana;VIA FRATELLI BONNET;all'intersezione con;VIALE DELLE MURA GIANICOLENSI;VIALE DELLE MURA GIANICOLENSI;;;Scontro frontale/laterale SX fra veicoli in marcia;Incrocio;Una carreggiata a doppio senso;Asciutto;Asfaltata;Verticale ed orizzontale;Sereno;Normale;Buona;Ore Diurne;1;0;0;1;12,46011;41,88521;-1;1;Autovettura privata;In marcia / fermata / arresto;Conducente;M;Illeso;0;;Non accertato;Inesploso
3322796;16;24/05/2017 14:10;Strada Urbana;VIA FRATELLI BONNET;all'intersezione con;VIALE DELLE MURA GIANICOLENSI;VIALE DELLE MURA GIANICOLENSI;;;Scontro frontale/laterale SX fra veicoli in marcia;Incrocio;Una carreggiata a doppio senso;Asciutto;Asfaltata;Verticale ed orizzontale;Sereno;Normale;Buona;Ore Diurne;1;0;0;1;12,46011;41,88521;-1;2;Ciclomotore;In marcia / fermata / arresto;Conducente;M;Rimandato;0;NON DECEDUTO;Non accertato;
3322806;12;25/05/2017 18:25;Strada Urbana;VIA ALVARO DEL PORTILLO;in prossimità;;del civico n.;202;;Scontro laterale fra veicoli in marcia;Rotatoria;Una carreggiata a senso unico di marcia;Asciutto;Asfaltata;Verticale ed orizzontale;Sereno;Normale;Buona;Ore Diurne;1;0;0;4;12,47066;41,76814;-1;1;Autovettura privata;In marcia / fermata / arresto;Conducente;F;Illeso;0;;Utilizzato;Inesploso
3322806;12;25/05/2017 18:25;Strada Urbana;VIA ALVARO DEL PORTILLO;in prossimità;;del civico n.;202;;Scontro laterale fra veicoli in marcia;Rotatoria;Una carreggiata a senso unico di marcia;Asciutto;Asfaltata;Verticale ed orizzontale;Sereno;Normale;Buona;Ore Diurne;1;0;0;4;12,47066;41,76814;-1;1;Autovettura privata;In marcia / fermata / arresto;Passeggero;F;Illeso;0;;Utilizzato;Inesploso
3322806;12;25/05/2017 18:25;Strada Urbana;VIA ALVARO DEL PORTILLO;in prossimità;;del civico n.;202;;Scontro laterale fra veicoli in marcia;Rotatoria;Una carreggiata a senso unico di marcia;Asciutto;Asfaltata;Verticale ed orizzontale;Sereno;Normale;Buona;Ore Diurne;1;0;0;4;12,47066;41,76814;-1;1;Autovettura privata;In marcia / fermata / arresto;Passeggero;M;Illeso;0;;Non accertato;Inesistente
3322806;12;25/05/2017 18:25;Strada Urbana;VIA ALVARO DEL PORTILLO;in prossimità;;del civico n.;202;;Scontro laterale fra veicoli in marcia;Rotatoria;Una carreggiata a senso unico di marcia;Asciutto;Asfaltata;Verticale ed orizzontale;Sereno;Normale;Buona;Ore Diurne;1;0;0;4;12,47066;41,76814;-1;1;Autovettura privata;In marcia / fermata / arresto;Passeggero;F;Illeso;0;;Utilizzato;Inesploso
3322806;12;25/05/2017 18:25;Strada Urbana;VIA ALVARO DEL PORTILLO;in prossimità;;del civico n.;202;;Scontro laterale fra veicoli in marcia;Rotatoria;Una carreggiata a senso unico di marcia;Asciutto;Asfaltata;Verticale ed orizzontale;Sereno;Normale;Buona;Ore Diurne;1;0;0;4;12,47066;41,76814;-1;2;Motociclo a solo;In marcia / fermata / arresto;Conducente;M;Rimandato;0;NON DECEDUTO;Utilizzato;
3322892;17;25/05/2017 01:00;Strada Urbana;VIALE DELLE MILIZIE;all'intersezione con;VIALE ANGELICO;VIALE ANGELICO;;;Tamponamento;Incrocio;Più di due carreggiate;Asciutto;Asfaltata;Verticale ed orizzontale;Sereno;Scarso;Buona;Sufficiente;2;0;0;1;12,46188;41,9121;-1;1;Autovettura privata;In marcia / fermata / arresto;Conducente;M;Illeso;0;;Non accertato;
3322892;17;25/05/2017 01:00;Strada Urbana;VIALE DELLE MILIZIE;all'intersezione con;VIALE ANGELICO;VIALE ANGELICO;;;Tamponamento;Incrocio;Più di due carreggiate;Asciutto;Asfaltata;Verticale ed orizzontale;Sereno;Scarso;Buona;Sufficiente;2;0;0;1;12,46188;41,9121;-1;2;Motociclo con passeggero;In marcia / fermata / arresto;Conducente;M;Rimandato;0;NON DECEDUTO;;
3322892;17;25/05/2017 01:00;Strada Urbana;VIALE DELLE MILIZIE;all'intersezione con;VIALE ANGELICO;VIALE ANGELICO;;;Tamponamento;Incrocio;Più di due carreggiate;Asciutto;Asfaltata;Verticale ed orizzontale;Sereno;Scarso;Buona;Sufficiente;2;0;0;1;12,46188;41,9121;-1;2;Motociclo con passeggero;In marcia / fermata / arresto;Passeggero;M;Rimandato;0;NON DECEDUTO;;
3323237;8;25/05/2017 19:20;Statale entro l'abitato;VIA CASILINA;all'intersezione semaforizzata con;VIA DI TOR VERGATA;VIA DI TOR VERGATA;;;Tamponamento;Intersezione semaforizzata;Due carreggiate;Asciutto;Asfaltata;Verticale ed orizzontale;Sereno;Normale;Buona;Ore Diurne;0;0;0;6;12,65289;41,86411;-1;1;Autovettura privata;In marcia / fermata / arresto;Conducente;M;Illeso;0;;;
3323237;8;25/05/2017 19:20;Statale entro l'abitato;VIA CASILINA;all'intersezione semaforizzata con;VIA DI TOR VERGATA;VIA DI TOR VERGATA;;;Tamponamento;Intersezione semaforizzata;Due carreggiate;Asciutto;Asfaltata;Verticale ed orizzontale;Sereno;Normale;Buona;Ore Diurne;0;0;0;6;12,65289;41,86411;-1;1;Autovettura privata;In marcia / fermata / arresto;Passeggero;M;Illeso;0;;Non accertato;
3323237;8;25/05/2017 19:20;Statale entro l'abitato;VIA CASILINA;all'intersezione semaforizzata con;VIA DI TOR VERGATA;VIA DI TOR VERGATA;;;Tamponamento;Intersezione semaforizzata;Due carreggiate;Asciutto;Asfaltata;Verticale ed orizzontale;Sereno;Normale;Buona;Ore Diurne;0;0;0;6;12,65289;41,86411;-1;1;Autovettura privata;In marcia / fermata / arresto;Passeggero;M;Illeso;0;;Non accertato;
3323237;8;25/05/2017 19:20;Statale entro l'abitato;VIA CASILINA;all'intersezione semaforizzata con;VIA DI TOR VERGATA;VIA DI TOR VERGATA;;;Tamponamento;Intersezione semaforizzata;Due carreggiate;Asciutto;Asfaltata;Verticale ed orizzontale;Sereno;Normale;Buona;Ore Diurne;0;0;0;6;12,65289;41,86411;-1;2;Autovettura privata;In marcia / fermata / arresto;Conducente;M;Illeso;0;;Non accertato;
3323237;8;25/05/2017 19:20;Statale entro l'abitato;VIA CASILINA;all'intersezione semaforizzata con;VIA DI TOR VERGATA;VIA DI TOR VERGATA;;;Tamponamento;Intersezione semaforizzata;Due carreggiate;Asciutto;Asfaltata;Verticale ed orizzontale;Sereno;Normale;Buona;Ore Diurne;0;0;0;6;12,65289;41,86411;-1;2;Autovettura privata;In marcia / fermata / arresto;Passeggero;M;Illeso;0;;;
3323237;8;25/05/2017 19:20;Statale entro l'abitato;VIA CASILINA;all'intersezione semaforizzata con;VIA DI TOR VERGATA;VIA DI TOR VERGATA;;;Tamponamento;Intersezione semaforizzata;Due carreggiate;Asciutto;Asfaltata;Verticale ed orizzontale;Sereno;Normale;Buona;Ore Diurne;0;0;0;6;12,65289;41,86411;-1;2;Autovettura privata;In marcia / fermata / arresto;Passeggero;M;Illeso;0;;;
3323240;8;25/05/2017 09:15;Strada Urbana;VIA LENTINI;in corrispondenza;;del civico n.;81;;Veicolo in marcia contro ostacolo fisso;Pendenza;Una carreggiata a senso unico di marcia;Asciutto;Asfaltata;Orizzontale;Nuvoloso;Scarso;Buona;Ore Diurne;0;0;0;1;12,66315;41,85743;-1;1;Autovettura privata;In marcia / fermata / arresto;Conducente;M;Illeso;0;;Non accertato;Inesploso
3323243;9;25/05/2017 21:00;Strada Urbana;VIA TUSCOLANA;da specificare;;;;raccordo VIA CASAL MORENA;Ribaltamento senza urto contro ostacolo fisso;Rettilineo;Una carreggiata a senso unico di marcia;Asciutto;Asfaltata;Assente;Sereno;Scarso;Buona;Sufficiente;1;0;0;0;12,58997;41,83801;-1;1;Autovettura privata;In marcia / fermata / arresto;Conducente;M;Rimandato;0;NON DECEDUTO;Non accertato;Inesploso
3323244;15;25/05/2017 18:00;Strada Urbana;VIA PORTUENSE;all'intersezione con;VIA GIOVANNI VOLPATO;VIA GIOVANNI VOLPATO;;;Infortunio per sola frenata improvvisa;Intersezione non regolata/non segnalata;Una carreggiata a doppio senso;Asciutto;Asfaltata;Verticale ed orizzontale;Sereno;Normale;Buona;Ore Diurne;1;0;0;3;12,4158;41,84758;-1;1;Autovettura privata;In marcia / fermata / arresto;Conducente;M;Illeso;0;;Utilizzato;Inesploso
3323244;15;25/05/2017 18:00;Strada Urbana;VIA PORTUENSE;all'intersezione con;VIA GIOVANNI VOLPATO;VIA GIOVANNI VOLPATO;;;Infortunio per sola frenata improvvisa;Intersezione non regolata/non segnalata;Una carreggiata a doppio senso;Asciutto;Asfaltata;Verticale ed orizzontale;Sereno;Normale;Buona;Ore Diurne;1;0;0;3;12,4158;41,84758;-1;1;Autovettura privata;In marcia / fermata / arresto;Passeggero;F;Illeso;0;;Utilizzato;Inesploso
3323244;15;25/05/2017 18:00;Strada Urbana;VIA PORTUENSE;all'intersezione con;VIA GIOVANNI VOLPATO;VIA GIOVANNI VOLPATO;;;Infortunio per sola frenata improvvisa;Intersezione non regolata/non segnalata;Una carreggiata a doppio senso;Asciutto;Asfaltata;Verticale ed orizzontale;Sereno;Normale;Buona;Ore Diurne;1;0;0;3;12,4158;41,84758;-1;1;Autovettura privata;In marcia / fermata / arresto;Passeggero;M;Illeso;0;;Utilizzato;Inesploso
3323244;15;25/05/2017 18:00;Strada Urbana;VIA PORTUENSE;all'intersezione con;VIA GIOVANNI VOLPATO;VIA GIOVANNI VOLPATO;;;Infortunio per sola frenata improvvisa;Intersezione non regolata/non segnalata;Una carreggiata a doppio senso;Asciutto;Asfaltata;Verticale ed orizzontale;Sereno;Normale;Buona;Ore Diurne;1;0;0;3;12,4158;41,84758;-1;2;Motociclo a solo;In marcia / fermata / arresto;Conducente;M;Rimandato;0;NON DECEDUTO;Utilizzato;
3323246;9;26/05/2017 01:35;Strada Urbana;VIA GIUSEPPE BALDRIGHI;all'intersezione con;VIALE S. RITA DA CASCIA;VIALE S. RITA DA CASCIA;;;Veicolo in marcia contro ostacolo accidentale;Intersezione stradale segnalata;Una carreggiata a doppio senso;Asciutto;Asfaltata;Verticale ed orizzontale;Sereno;Scarso;Sufficiente;Sufficiente;0;0;0;1;12,64653;41,86723;-1;1;Autovettura privata;In marcia / fermata / arresto;Conducente;F;Illeso;0;;Non accertato;Inesploso
3323251;8;25/05/2017 11:50;Strada Urbana;VIALE DELLA SORBONA;da specificare;;;;fronte Via Carcaricola;Scontro frontale/laterale DX fra veicoli in marcia;Rettilineo;Due carreggiate;Asciutto;Asfaltata;Verticale ed orizzontale;Sereno;Normale;Buona;Ore Diurne;0;0;0;2;12,612;41,8546;-1;1;Autovettura privata;In marcia / fermata / arresto;Conducente;M;Illeso;0;;;
3323251;8;25/05/2017 11:50;Strada Urbana;VIALE DELLA SORBONA;da specificare;;;;fronte Via Carcaricola;Scontro frontale/laterale DX fra veicoli in marcia;Rettilineo;Due carreggiate;Asciutto;Asfaltata;Verticale ed orizzontale;Sereno;Normale;Buona;Ore Diurne;0;0;0;2;12,612;41,8546;-1;2;Autobus urbano;In marcia / fermata / arresto;Conducente;M;Illeso;0;;;
3323252;6;25/05/2017 11:30;Strada Urbana;VIA ROMOLO TRINCHIERI;all'intersezione con;LARGO DELLA PRIMAVERA;LARGO DELLA PRIMAVERA;;;Veicolo in marcia contro veicolo in sosta;Incrocio;Una carreggiata a senso unico di marcia;Asciutto;Asfaltata;Verticale ed orizzontale;Sereno;Normale;Buona;Ore Diurne;0;0;0;1;12,56118;41,88788;-1;1;Autovettura privata;In marcia / fermata / arresto;Conducente;F;Illeso;0;;;
3323253;6;25/05/2017 19:00;Strada Urbana;VIA DEGLI ANGELI;da specificare;;;;prossimità via degli arvali;Tamponamento Multiplo;Rettilineo;Una carreggiata a doppio senso;Asciutto;Asfaltata;Verticale ed orizzontale;Sereno;Normale;Buona;Ore Diurne;0;0;0;7;12,54542;41,87241;-1;1;Autovettura privata;In marcia / fermata / arresto;Conducente;F;Illeso;0;;;
3323253;6;25/05/2017 19:00;Strada Urbana;VIA DEGLI ANGELI;da specificare;;;;prossimità via degli arvali;Tamponamento Multiplo;Rettilineo;Una carreggiata a doppio senso;Asciutto;Asfaltata;Verticale ed orizzontale;Sereno;Normale;Buona;Ore Diurne;0;0;0;7;12,54542;41,87241;-1;2;Autovettura privata;In marcia / fermata / arresto;Conducente;M;Illeso;0;;Non accertato;Inesploso
3323253;6;25/05/2017 19:00;Strada Urbana;VIA DEGLI ANGELI;da specificare;;;;prossimità via degli arvali;Tamponamento Multiplo;Rettilineo;Una carreggiata a doppio senso;Asciutto;Asfaltata;Verticale ed orizzontale;Sereno;Normale;Buona;Ore Diurne;0;0;0;7;12,54542;41,87241;-1;3;Autovettura privata;In marcia / fermata / arresto;Conducente;M;Illeso;0;;;
3323253;6;25/05/2017 19:00;Strada Urbana;VIA DEGLI ANGELI;da specificare;;;;prossimità via degli arvali;Tamponamento Multiplo;Rettilineo;Una carreggiata a doppio senso;Asciutto;Asfaltata;Verticale ed orizzontale;Sereno;Normale;Buona;Ore Diurne;0;0;0;7;12,54542;41,87241;-1;3;Autovettura privata;In marcia / fermata / arresto;Passeggero;F;Illeso;0;;Utilizzato;
3323253;6;25/05/2017 19:00;Strada Urbana;VIA DEGLI ANGELI;da specificare;;;;prossimità via degli arvali;Tamponamento Multiplo;Rettilineo;Una carreggiata a doppio senso;Asciutto;Asfaltata;Verticale ed orizzontale;Sereno;Normale;Buona;Ore Diurne;0;0;0;7;12,54542;41,87241;-1;3;Autovettura privata;In marcia / fermata / arresto;Passeggero;M;Illeso;0;;;
3323253;6;25/05/2017 19:00;Strada Urbana;VIA DEGLI ANGELI;da specificare;;;;prossimità via degli arvali;Tamponamento Multiplo;Rettilineo;Una carreggiata a doppio senso;Asciutto;Asfaltata;Verticale ed orizzontale;Sereno;Normale;Buona;Ore Diurne;0;0;0;7;12,54542;41,87241;-1;3;Autovettura privata;In marcia / fermata / arresto;Passeggero;M;Illeso;0;;;
3323253;6;25/05/2017 19:00;Strada Urbana;VIA DEGLI ANGELI;da specificare;;;;prossimità via degli arvali;Tamponamento Multiplo;Rettilineo;Una carreggiata a doppio senso;Asciutto;Asfaltata;Verticale ed orizzontale;Sereno;Normale;Buona;Ore Diurne;0;0;0;7;12,54542;41,87241;-1;4;Autovettura privata;In marcia / fermata / arresto;Conducente;M;Illeso;0;;;
3323254;13;25/05/2017 18:25;Strada Urbana;VIA DELLA STAZIONE DI OSTIA ANTICA;all'intersezione con;VIA GUIDO CALZA;VIA GUIDO CALZA;;;Veicolo in marcia contro ostacolo accidentale;Incrocio;Una carreggiata a senso unico di marcia;Asciutto;Asfaltata;Verticale ed orizzontale;Sereno;Intenso;Buona;Ore Diurne;1;0;0;0;12,30133;41,75698;-1;1;Velocipede;In marcia / fermata / arresto;Conducente;M;Rimandato;0;NON DECEDUTO;Esente;
3323267;6;25/05/2017 22:00;Strada Urbana;VIA DEI GORDIANI;da specificare;;;;altezza Campo Nomadi;Scontro frontale/laterale SX fra veicoli in marcia;Rettilineo;Due carreggiate;Asciutto;Asfaltata;Orizzontale;Sereno;Scarso;Buona;Sufficiente;1;0;0;1;12,55407;41,88574;-1;1;Autovettura privata;In marcia / fermata / arresto;Conducente;M;Illeso;0;;;
3323267;6;25/05/2017 22:00;Strada Urbana;VIA DEI GORDIANI;da specificare;;;;altezza Campo Nomadi;Scontro frontale/laterale SX fra veicoli in marcia;Rettilineo;Due carreggiate;Asciutto;Asfaltata;Orizzontale;Sereno;Scarso;Buona;Sufficiente;1;0;0;1;12,55407;41,88574;-1;2;Autovettura privata;In marcia / fermata / arresto;Conducente;M;Rifiuta cure immediate;0;NON DECEDUTO;;
3323272;8;25/05/2017 21:40;Strada Urbana;VIA DEL FOSSO DELL'OSA;in corrispondenza;;del palo luce n.;104;;Veicolo in marcia contro ostacolo accidentale;Curva a visuale libera;Una carreggiata a doppio senso;Asciutto;Asfaltata;Verticale ed orizzontale;Sereno;Scarso;Sufficiente;Sufficiente;0;0;0;2;12,68433;41,90546;-1;1;Autovettura privata;In marcia / fermata / arresto;Conducente;F;Illeso;0;;Non accertato;Inesploso
3323272;8;25/05/2017 21:40;Strada Urbana;VIA DEL FOSSO DELL'OSA;in corrispondenza;;del palo luce n.;104;;Veicolo in marcia contro ostacolo accidentale;Curva a visuale libera;Una carreggiata a doppio senso;Asciutto;Asfaltata;Verticale ed orizzontale;Sereno;Scarso;Sufficiente;Sufficiente;0;0;0;2;12,68433;41,90546;-1;1;Autovettura privata;In marcia / fermata / arresto;Passeggero;F;Illeso;0;;Non accertato;Inesploso
3323275;8;25/05/2017 21:50;Strada Urbana;VIA DEL FOSSO DELL'OSA;in corrispondenza;;del palo luce n.;104;;Veicolo in marcia contro ostacolo accidentale;Curva a visuale libera;Una carreggiata a doppio senso;Asciutto;Asfaltata;Verticale ed orizzontale;Sereno;Scarso;Sufficiente;Sufficiente;0;0;0;1;12,68433;41,90546;-1;1;Autovettura privata;In marcia / fermata / arresto;Conducente;M;Illeso;0;;Non accertato;Inesploso
3323278;5;24/05/2017 06:40;Strada Urbana;NUOVA CIRCONVALLAZIONE INTERNA;da specificare;;;;dir. S. Giovanni uscita via Stazione Tiburtina;Veicolo in marcia contro ostacolo accidentale;Rettilineo;Due carreggiate;Asciutto;Asfaltata;Verticale ed orizzontale;Sereno;Normale;Buona;Ore Diurne;0;0;0;1;12,53096;41,91389;-1;1;Autovettura privata;In marcia / fermata / arresto;Conducente;M;Illeso;0;;Non accertato;Inesploso
3323279;8;25/05/2017 22:18;Strada Urbana;VIA DEL FOSSO DELL'OSA;in corrispondenza;;del palo luce n.;104;;Veicolo in marcia contro ostacolo accidentale;Curva a visuale libera;Una carreggiata a doppio senso;Asciutto;Asfaltata;Verticale ed orizzontale;Sereno;Scarso;Sufficiente;Sufficiente;0;0;0;1;12,68433;41,90546;-1;1;Autobus urbano;In marcia / fermata / arresto;Conducente;M;Illeso;0;;Non accertato;Inesploso
3323281;5;25/05/2017 16:00;Strada Urbana;VIA CASSINO;in prossimità;;del civico n.;7;;Tamponamento;Rettilineo;Una carreggiata a doppio senso;Asciutto;Asfaltata;Assente;Sereno;Scarso;Buona;Ore Diurne;0;0;0;3;12,67975;41,46284;-1;1;Motociclo a solo;In marcia / fermata / arresto;Conducente;M;Illeso;0;;Non accertato;
3323281;5;25/05/2017 16:00;Strada Urbana;VIA CASSINO;in prossimità;;del civico n.;7;;Tamponamento;Rettilineo;Una carreggiata a doppio senso;Asciutto;Asfaltata;Assente;Sereno;Scarso;Buona;Ore Diurne;0;0;0;3;12,67975;41,46284;-1;2;Autocarro inferiore 35 q.;In marcia / fermata / arresto;Conducente;M;Illeso;0;;Non accertato;Inesploso
3323281;5;25/05/2017 16:00;Strada Urbana;VIA CASSINO;in prossimità;;del civico n.;7;;Tamponamento;Rettilineo;Una carreggiata a doppio senso;Asciutto;Asfaltata;Assente;Sereno;Scarso;Buona;Ore Diurne;0;0;0;3;12,67975;41,46284;-1;2;Autocarro inferiore 35 q.;In marcia / fermata / arresto;Passeggero;M;Illeso;0;;Non accertato;Inesploso
3323284;20;26/05/2017 02:30;Strada Urbana;VIA DEL FORO ITALICO;in prossimità;;del palo luce n.;227;;Veicolo in marcia contro ostacolo accidentale;Rettilineo;Una carreggiata a senso unico di marcia;Asciutto;Asfaltata;Verticale ed orizzontale;Sereno;Scarso;Sufficiente;Sufficiente;0;0;0;2;12,48101;41,94061;-1;1;Autovettura privata;In marcia / fermata / arresto;Conducente;F;Illeso;0;;Non accertato;
3323284;20;26/05/2017 02:30;Strada Urbana;VIA DEL FORO ITALICO;in prossimità;;del palo luce n.;227;;Veicolo in marcia contro ostacolo accidentale;Rettilineo;Una carreggiata a senso unico di marcia;Asciutto;Asfaltata;Verticale ed orizzontale;Sereno;Scarso;Sufficiente;Sufficiente;0;0;0;2;12,48101;41,94061;-1;1;Autovettura privata;In marcia / fermata / arresto;Passeggero;F;Illeso;0;;Non accertato;
3323285;5;25/05/2017 08:50;Strada Urbana;VIA DI MARCO SIMONE;da specificare;;;;prossimità via L. Muratori;Scontro frontale/laterale DX fra veicoli in marcia;Rettilineo;Una carreggiata a doppio senso;Asciutto;Asfaltata;Verticale ed orizzontale;Sereno;Normale;Buona;Ore Diurne;1;0;0;1;12,64488;41,94432;-1;1;Autovettura privata;In marcia / fermata / arresto;Conducente;F;Illeso;0;;Non accertato;Esploso
3323285;5;25/05/2017 08:50;Strada Urbana;VIA DI MARCO SIMONE;da specificare;;;;prossimità via L. Muratori;Scontro frontale/laterale DX fra veicoli in marcia;Rettilineo;Una carreggiata a doppio senso;Asciutto;Asfaltata;Verticale ed orizzontale;Sereno;Normale;Buona;Ore Diurne;1;0;0;1;12,64488;41,94432;-1;2;Autovettura privata;In marcia / fermata / arresto;Conducente;F;Rimandato;0;NON DECEDUTO;Non accertato;Esploso
3323290;10;25/05/2017 15:20;Strada Urbana;VIA MARCO VALERIO CORVO;all'intersezione con;VIALE GIULIO AGRICOLA;VIALE GIULIO AGRICOLA;;;Scontro frontale/laterale DX fra veicoli in marcia;Incrocio;Una carreggiata a senso unico di marcia;Asciutto;Asfaltata;Verticale ed orizzontale;Sereno;Normale;Buona;Ore Diurne;1;0;0;3;12,56152;41,8558;-1;1;Autovettura privata;In marcia / fermata / arresto;Conducente;F;Illeso;0;;Non accertato;Inesploso
3323290;10;25/05/2017 15:20;Strada Urbana;VIA MARCO VALERIO CORVO;all'intersezione con;VIALE GIULIO AGRICOLA;VIALE GIULIO AGRICOLA;;;Scontro frontale/laterale DX fra veicoli in marcia;Incrocio;Una carreggiata a senso unico di marcia;Asciutto;Asfaltata;Verticale ed orizzontale;Sereno;Normale;Buona;Ore Diurne;1;0;0;3;12,56152;41,8558;-1;1;Autovettura privata;In marcia / fermata / arresto;Passeggero;F;Illeso;0;;Non accertato;Inesploso
3323290;10;25/05/2017 15:20;Strada Urbana;VIA MARCO VALERIO CORVO;all'intersezione con;VIALE GIULIO AGRICOLA;VIALE GIULIO AGRICOLA;;;Scontro frontale/laterale DX fra veicoli in marcia;Incrocio;Una carreggiata a senso unico di marcia;Asciutto;Asfaltata;Verticale ed orizzontale;Sereno;Normale;Buona;Ore Diurne;1;0;0;3;12,56152;41,8558;-1;1;Autovettura privata;In marcia / fermata / arresto;Passeggero;M;Illeso;0;;Non accertato;Inesploso
3323290;10;25/05/2017 15:20;Strada Urbana;VIA MARCO VALERIO CORVO;all'intersezione con;VIALE GIULIO AGRICOLA;VIALE GIULIO AGRICOLA;;;Scontro frontale/laterale DX fra veicoli in marcia;Incrocio;Una carreggiata a senso unico di marcia;Asciutto;Asfaltata;Verticale ed orizzontale;Sereno;Normale;Buona;Ore Diurne;1;0;0;3;12,56152;41,8558;-1;2;Autovettura privata;In marcia / fermata / arresto;Conducente;F;Rimandato;0;NON DECEDUTO;Non accertato;Inesploso
3323297;5;25/05/2017 17:30;Strada Urbana;VIA TIBURTINA;in prossimità;;del civico n.;1302;;Tamponamento Multiplo;Rettilineo;Due carreggiate;Asciutto;Asfaltata;Verticale ed orizzontale;Sereno;Normale;Buona;Ore Diurne;0;0;0;4;12,6133;41,93596;-1;1;Autovettura privata;In marcia / fermata / arresto;Conducente;F;Illeso;0;;Non accertato;Inesploso
3323297;5;25/05/2017 17:30;Strada Urbana;VIA TIBURTINA;in prossimità;;del civico n.;1302;;Tamponamento Multiplo;Rettilineo;Due carreggiate;Asciutto;Asfaltata;Verticale ed orizzontale;Sereno;Normale;Buona;Ore Diurne;0;0;0;4;12,6133;41,93596;-1;2;Autovettura privata;In marcia / fermata / arresto;Conducente;M;Illeso;0;;Non accertato;Inesploso
3323297;5;25/05/2017 17:30;Strada Urbana;VIA TIBURTINA;in prossimità;;del civico n.;1302;;Tamponamento Multiplo;Rettilineo;Due carreggiate;Asciutto;Asfaltata;Verticale ed orizzontale;Sereno;Normale;Buona;Ore Diurne;0;0;0;4;12,6133;41,93596;-1;2;Autovettura privata;In marcia / fermata / arresto;Passeggero;F;Illeso;0;;Non accertato;Inesploso